Region,Basin,mean dH,smooth dH,Dates,dates
All,All,0.0,0.005,1995,1995-05-29 23:59:59.999999
All,All,0.0484,0.005,1995,1995-10-17 00:00:00.000002
All,All,-0.0419,0.0052,1996,1996-03-04 23:48:09.863014
All,All,0.0004,0.006,1996,1996-07-23 00:00:00.000000
All,All,0.0008,0.0073,1996,1996-12-10 01:34:41.095893
All,All,-0.0054,0.0092,1997,1997-04-29 00:00:00.000002
All,All,0.0687,0.0112,1997,1997-09-15 23:59:59.999998
All,All,-0.0268,0.013,1998,1998-02-03 00:00:00.000002
All,All,0.0246,0.0146,1998,1998-06-22 23:59:59.999998
All,All,0.0424,0.0159,1998,1998-11-10 00:00:00.000001
All,All,-0.0246,0.0171,1999,1999-03-29 23:59:59.999997
All,All,0.0436,0.0183,1999,1999-08-17 00:00:00.000000
All,All,0.0021,0.0196,2000,2000-01-03 21:47:50.136984
All,All,0.0105,0.0209,2000,2000-05-22 23:59:59.999998
All,All,0.0671,0.0218,2000,2000-10-09 23:59:59.999999
All,All,0.0016,0.0224,2001,2001-02-27 00:25:34.426228
All,All,0.0251,0.0225,2001,2001-07-17 00:00:00.000003
All,All,0.0206,0.0223,2001,2001-12-03 23:59:59.999999
All,All,0.0318,0.0219,2002,2002-04-23 00:00:00.000003
All,All,0.0163,0.0215,2002,2002-09-09 23:59:59.999999
All,All,-0.0057,0.0211,2003,2003-01-28 00:00:00.000002
All,All,0.055,0.0207,2003,2003-06-16 23:59:59.999998
All,All,0.0242,0.0203,2003,2003-11-03 23:36:23.606560
All,All,0.0006,0.0203,2004,2004-03-23 00:00:00.000003
All,All,0.0338,0.0208,2004,2004-08-10 00:00:00.000003
All,All,-0.0077,0.022,2004,2004-12-28 02:10:11.506853
All,All,0.0129,0.0239,2005,2005-05-17 00:00:00.000001
All,All,0.0495,0.0263,2005,2005-10-03 23:59:59.999997
All,All,0.0146,0.0285,2006,2006-02-21 00:00:00.000000
All,All,0.0579,0.0301,2006,2006-07-10 23:59:59.999996
All,All,0.0304,0.0309,2006,2006-11-28 00:00:00.000000
All,All,0.0247,0.0305,2007,2007-04-17 00:00:00.000003
All,All,0.0626,0.0292,2007,2007-09-03 23:59:59.999999
All,All,-0.0021,0.0274,2008,2008-01-21 22:23:20.547944
All,All,0.0326,0.0255,2008,2008-06-10 00:00:00.000001
All,All,0.0346,0.0239,2008,2008-10-28 00:09:51.780823
All,All,-0.008,0.0232,2009,2009-03-16 23:59:59.999999
All,All,0.0343,0.0237,2009,2009-08-04 00:00:00.000002
All,All,0.0005,0.0253,2009,2009-12-21 23:59:59.999998
All,All,0.0257,0.0278,2010,2010-05-11 00:00:00.000001
All,All,0.0343,0.0308,2010,2010-09-27 23:59:59.999998
All,All,0.039,0.0334,2011,2011-02-15 00:00:00.000001
All,All,0.054,0.0352,2011,2011-07-04 23:59:59.999997
All,All,0.0463,0.0355,2011,2011-11-21 23:00:59.016390
All,All,0.0353,0.0342,2012,2012-04-09 23:59:59.999999
All,All,0.0469,0.0314,2012,2012-08-27 23:59:59.999999
All,All,0.0198,0.0273,2013,2013-01-15 01:50:09.836063
All,All,0.0276,0.0222,2013,2013-06-04 00:00:00.000000
All,All,0.0261,0.0163,2013,2013-10-22 00:00:00.000003
All,All,0.0011,0.0101,2014,2014-03-10 23:59:59.999999
All,All,0.0166,0.0041,2014,2014-07-29 00:00:00.000003
All,All,-0.0125,-0.0014,2014,2014-12-15 23:59:59.999999
All,All,-0.0226,-0.0058,2015,2015-05-05 00:00:00.000002
All,All,-0.0153,-0.0089,2015,2015-09-21 23:59:59.999998
All,All,-0.0327,-0.0108,2016,2016-02-08 22:58:50.958904
All,All,-0.0026,-0.0118,2016,2016-06-27 23:59:59.999997
All,All,-0.0004,-0.0125,2016,2016-11-15 00:45:22.191783
All,All,-0.0113,-0.0134,2017,2017-04-03 23:59:59.999998
All,All,-0.0057,-0.015,2017,2017-08-22 00:00:00.000001
All,All,-0.0242,-0.0174,2018,2018-01-08 23:59:59.999997
All,All,-0.0119,-0.0207,2018,2018-05-29 00:00:00.000000
All,All,-0.0077,-0.0246,2018,2018-10-15 23:59:59.999996
All,All,-0.042,-0.0288,2019,2019-03-05 00:00:00.000000
All,All,-0.0308,-0.0329,2019,2019-07-23 00:00:00.000003
All,All,-0.0518,-0.0364,2019,2019-12-09 22:25:34.426227
All,All,-0.048,-0.0391,2020,2020-04-28 00:00:00.000002
All,All,-0.0284,-0.0409,2020,2020-09-15 00:00:00.000002
All,All,-0.056,-0.0419,2021,2021-02-02 01:14:45.245900
All,All,-0.0484,-0.0421,2021,2021-06-21 23:59:59.999999
All,All,-0.0414,-0.0419,2021,2021-11-09 00:00:00.000002
All,All,-0.044,-0.0417,2022,2022-03-28 23:59:59.999998
All,All,-0.0255,-0.0417,2022,2022-08-16 00:00:00.000001
All,All,-0.0371,-0.0422,2023,2023-01-02 23:59:59.999997
All,All,-0.0409,-0.0432,2023,2023-05-23 00:00:00.000001
All,All,-0.0434,-0.0443,2023,2023-10-09 23:59:59.999997
All,All,-0.0642,-0.0453,2024,2024-02-26 23:34:21.369864
All,All,-0.0414,-0.0459,2024,2024-07-16 00:00:00.000000
West,H-Hp,0.0,0.0952,1995,1995-05-29 23:59:59.999999
West,H-Hp,0.345,0.1104,1995,1995-10-17 00:00:00.000002
West,H-Hp,0.1858,0.1439,1996,1996-03-04 23:48:09.863014
West,H-Hp,-0.7889,0.1989,1996,1996-07-23 00:00:00.000000
West,H-Hp,0.4174,0.2749,1996,1996-12-10 01:34:41.095893
West,H-Hp,0.2558,0.3663,1997,1997-04-29 00:00:00.000002
West,H-Hp,0.8743,0.4636,1997,1997-09-15 23:59:59.999998
West,H-Hp,0.6606,0.5576,1998,1998-02-03 00:00:00.000002
West,H-Hp,0.6328,0.6426,1998,1998-06-22 23:59:59.999998
West,H-Hp,0.8679,0.7179,1998,1998-11-10 00:00:00.000001
West,H-Hp,0.5593,0.7854,1999,1999-03-29 23:59:59.999997
West,H-Hp,0.9046,0.8471,1999,1999-08-17 00:00:00.000000
West,H-Hp,0.7472,0.9019,2000,2000-01-03 21:47:50.136984
West,H-Hp,1.0971,0.946,2000,2000-05-22 23:59:59.999998
West,H-Hp,1.3328,0.9744,2000,2000-10-09 23:59:59.999999
West,H-Hp,1.0829,0.9838,2001,2001-02-27 00:25:34.426228
West,H-Hp,1.0882,0.9742,2001,2001-07-17 00:00:00.000003
West,H-Hp,0.8747,0.9488,2001,2001-12-03 23:59:59.999999
West,H-Hp,0.8756,0.9128,2002,2002-04-23 00:00:00.000003
West,H-Hp,0.8273,0.8717,2002,2002-09-09 23:59:59.999999
West,H-Hp,0.9805,0.8304,2003,2003-01-28 00:00:00.000002
West,H-Hp,0.7918,0.7938,2003,2003-06-16 23:59:59.999998
West,H-Hp,0.6441,0.767,2003,2003-11-03 23:36:23.606560
West,H-Hp,0.5625,0.7549,2004,2004-03-23 00:00:00.000003
West,H-Hp,0.6564,0.7604,2004,2004-08-10 00:00:00.000003
West,H-Hp,0.712,0.7833,2004,2004-12-28 02:10:11.506853
West,H-Hp,0.5541,0.8197,2005,2005-05-17 00:00:00.000001
West,H-Hp,1.0542,0.8623,2005,2005-10-03 23:59:59.999997
West,H-Hp,1.0245,0.9035,2006,2006-02-21 00:00:00.000000
West,H-Hp,1.104,0.9377,2006,2006-07-10 23:59:59.999996
West,H-Hp,1.0563,0.9634,2006,2006-11-28 00:00:00.000000
West,H-Hp,0.9106,0.9831,2007,2007-04-17 00:00:00.000003
West,H-Hp,0.9297,1.0013,2007,2007-09-03 23:59:59.999999
West,H-Hp,0.9169,1.0218,2008,2008-01-21 22:23:20.547944
West,H-Hp,0.822,1.0463,2008,2008-06-10 00:00:00.000001
West,H-Hp,1.3065,1.0743,2008,2008-10-28 00:09:51.780823
West,H-Hp,1.2882,1.1049,2009,2009-03-16 23:59:59.999999
West,H-Hp,1.1162,1.1386,2009,2009-08-04 00:00:00.000002
West,H-Hp,1.0479,1.1766,2009,2009-12-21 23:59:59.999998
West,H-Hp,0.9726,1.2195,2010,2010-05-11 00:00:00.000001
West,H-Hp,1.0654,1.2644,2010,2010-09-27 23:59:59.999998
West,H-Hp,1.5836,1.3047,2011,2011-02-15 00:00:00.000001
West,H-Hp,1.6322,1.3314,2011,2011-07-04 23:59:59.999997
West,H-Hp,1.5462,1.3369,2011,2011-11-21 23:00:59.016390
West,H-Hp,1.3752,1.3178,2012,2012-04-09 23:59:59.999999
West,H-Hp,1.3696,1.2755,2012,2012-08-27 23:59:59.999999
West,H-Hp,1.2295,1.2153,2013,2013-01-15 01:50:09.836063
West,H-Hp,1.1579,1.1446,2013,2013-06-04 00:00:00.000000
West,H-Hp,1.0814,1.0704,2013,2013-10-22 00:00:00.000003
West,H-Hp,0.8204,0.9985,2014,2014-03-10 23:59:59.999999
West,H-Hp,0.9812,0.9332,2014,2014-07-29 00:00:00.000003
West,H-Hp,0.825,0.877,2014,2014-12-15 23:59:59.999999
West,H-Hp,0.7887,0.8309,2015,2015-05-05 00:00:00.000002
West,H-Hp,0.67,0.7938,2015,2015-09-21 23:59:59.999998
West,H-Hp,0.6969,0.7628,2016,2016-02-08 22:58:50.958904
West,H-Hp,0.7538,0.7334,2016,2016-06-27 23:59:59.999997
West,H-Hp,0.8558,0.7006,2016,2016-11-15 00:45:22.191783
West,H-Hp,0.7627,0.661,2017,2017-04-03 23:59:59.999998
West,H-Hp,0.688,0.6144,2017,2017-08-22 00:00:00.000001
West,H-Hp,0.6266,0.5639,2018,2018-01-08 23:59:59.999997
West,H-Hp,0.3444,0.5153,2018,2018-05-29 00:00:00.000000
West,H-Hp,0.3714,0.4745,2018,2018-10-15 23:59:59.999996
West,H-Hp,0.2342,0.4452,2019,2019-03-05 00:00:00.000000
West,H-Hp,0.4608,0.428,2019,2019-07-23 00:00:00.000003
West,H-Hp,0.4089,0.4205,2019,2019-12-09 22:25:34.426227
West,H-Hp,0.441,0.4187,2020,2020-04-28 00:00:00.000002
West,H-Hp,0.5164,0.4188,2020,2020-09-15 00:00:00.000002
West,H-Hp,0.3775,0.4182,2021,2021-02-02 01:14:45.245900
West,H-Hp,0.4232,0.4151,2021,2021-06-21 23:59:59.999999
West,H-Hp,0.319,0.4078,2021,2021-11-09 00:00:00.000002
West,H-Hp,0.4367,0.3945,2022,2022-03-28 23:59:59.999998
West,H-Hp,0.5662,0.3738,2022,2022-08-16 00:00:00.000001
West,H-Hp,0.4488,0.3455,2023,2023-01-02 23:59:59.999997
West,H-Hp,0.2976,0.312,2023,2023-05-23 00:00:00.000001
West,H-Hp,0.2272,0.2785,2023,2023-10-09 23:59:59.999997
West,H-Hp,0.1576,0.2511,2024,2024-02-26 23:34:21.369864
West,H-Hp,0.1111,0.2356,2024,2024-07-16 00:00:00.000000
West,F-G,0.0,-0.0961,1995,1995-05-29 23:59:59.999999
West,F-G,-0.0353,-0.1039,1995,1995-10-17 00:00:00.000002
West,F-G,-0.1607,-0.1171,1996,1996-03-04 23:48:09.863014
West,F-G,-0.0864,-0.1326,1996,1996-07-23 00:00:00.000000
West,F-G,-0.3561,-0.1477,1996,1996-12-10 01:34:41.095893
West,F-G,-0.2252,-0.1615,1997,1997-04-29 00:00:00.000002
West,F-G,0.0375,-0.1751,1997,1997-09-15 23:59:59.999998
West,F-G,-0.2642,-0.1899,1998,1998-02-03 00:00:00.000002
West,F-G,-0.1109,-0.2057,1998,1998-06-22 23:59:59.999998
West,F-G,0.0188,-0.2194,1998,1998-11-10 00:00:00.000001
West,F-G,-0.5245,-0.2258,1999,1999-03-29 23:59:59.999997
West,F-G,-0.5032,-0.22,1999,1999-08-17 00:00:00.000000
West,F-G,-0.3388,-0.2001,2000,2000-01-03 21:47:50.136984
West,F-G,-0.1793,-0.1686,2000,2000-05-22 23:59:59.999998
West,F-G,0.0093,-0.1318,2000,2000-10-09 23:59:59.999999
West,F-G,0.0305,-0.0966,2001,2001-02-27 00:25:34.426228
West,F-G,0.0977,-0.0679,2001,2001-07-17 00:00:00.000003
West,F-G,-0.1347,-0.0476,2001,2001-12-03 23:59:59.999999
West,F-G,-0.0903,-0.0352,2002,2002-04-23 00:00:00.000003
West,F-G,0.0769,-0.0292,2002,2002-09-09 23:59:59.999999
West,F-G,-0.2152,-0.0286,2003,2003-01-28 00:00:00.000002
West,F-G,0.2233,-0.0335,2003,2003-06-16 23:59:59.999998
West,F-G,0.0081,-0.0439,2003,2003-11-03 23:36:23.606560
West,F-G,-0.0686,-0.059,2004,2004-03-23 00:00:00.000003
West,F-G,-0.0981,-0.0773,2004,2004-08-10 00:00:00.000003
West,F-G,-0.1698,-0.097,2004,2004-12-28 02:10:11.506853
West,F-G,-0.1715,-0.117,2005,2005-05-17 00:00:00.000001
West,F-G,-0.034,-0.1372,2005,2005-10-03 23:59:59.999997
West,F-G,-0.1074,-0.1586,2006,2006-02-21 00:00:00.000000
West,F-G,-0.2102,-0.1825,2006,2006-07-10 23:59:59.999996
West,F-G,-0.2302,-0.2108,2006,2006-11-28 00:00:00.000000
West,F-G,-0.2729,-0.2457,2007,2007-04-17 00:00:00.000003
West,F-G,-0.0969,-0.2892,2007,2007-09-03 23:59:59.999999
West,F-G,-0.3147,-0.3419,2008,2008-01-21 22:23:20.547944
West,F-G,-0.3012,-0.4021,2008,2008-06-10 00:00:00.000001
West,F-G,-0.388,-0.4649,2008,2008-10-28 00:09:51.780823
West,F-G,-0.6973,-0.5226,2009,2009-03-16 23:59:59.999999
West,F-G,-0.67,-0.5665,2009,2009-08-04 00:00:00.000002
West,F-G,-0.776,-0.59,2009,2009-12-21 23:59:59.999998
West,F-G,-0.8137,-0.5912,2010,2010-05-11 00:00:00.000001
West,F-G,-0.899,-0.5749,2010,2010-09-27 23:59:59.999998
West,F-G,-0.3406,-0.552,2011,2011-02-15 00:00:00.000001
West,F-G,-0.243,-0.5361,2011,2011-07-04 23:59:59.999997
West,F-G,-0.2843,-0.5396,2011,2011-11-21 23:00:59.016390
West,F-G,-0.4053,-0.5702,2012,2012-04-09 23:59:59.999999
West,F-G,-0.5543,-0.6298,2012,2012-08-27 23:59:59.999999
West,F-G,-0.6538,-0.715,2013,2013-01-15 01:50:09.836063
West,F-G,-0.6802,-0.8189,2013,2013-06-04 00:00:00.000000
West,F-G,-1.0054,-0.9343,2013,2013-10-22 00:00:00.000003
West,F-G,-1.1145,-1.0542,2014,2014-03-10 23:59:59.999999
West,F-G,-1.1959,-1.1739,2014,2014-07-29 00:00:00.000003
West,F-G,-1.2774,-1.2903,2014,2014-12-15 23:59:59.999999
West,F-G,-1.4431,-1.4023,2015,2015-05-05 00:00:00.000002
West,F-G,-1.5809,-1.5108,2015,2015-09-21 23:59:59.999998
West,F-G,-1.5967,-1.6177,2016,2016-02-08 22:58:50.958904
West,F-G,-1.7027,-1.726,2016,2016-06-27 23:59:59.999997
West,F-G,-1.7955,-1.8385,2016,2016-11-15 00:45:22.191783
West,F-G,-1.8412,-1.9568,2017,2017-04-03 23:59:59.999998
West,F-G,-2.0351,-2.0808,2017,2017-08-22 00:00:00.000001
West,F-G,-2.2084,-2.2078,2018,2018-01-08 23:59:59.999997
West,F-G,-2.4021,-2.3338,2018,2018-05-29 00:00:00.000000
West,F-G,-2.4976,-2.455,2018,2018-10-15 23:59:59.999996
West,F-G,-2.7151,-2.569,2019,2019-03-05 00:00:00.000000
West,F-G,-2.7463,-2.6765,2019,2019-07-23 00:00:00.000003
West,F-G,-2.7421,-2.7812,2019,2019-12-09 22:25:34.426227
West,F-G,-2.8442,-2.8884,2020,2020-04-28 00:00:00.000002
West,F-G,-2.7985,-3.0033,2020,2020-09-15 00:00:00.000002
West,F-G,-3.0393,-3.1286,2021,2021-02-02 01:14:45.245900
West,F-G,-3.246,-3.2639,2021,2021-06-21 23:59:59.999999
West,F-G,-3.3943,-3.4055,2021,2021-11-09 00:00:00.000002
West,F-G,-3.6638,-3.5474,2022,2022-03-28 23:59:59.999998
West,F-G,-3.6709,-3.6825,2022,2022-08-16 00:00:00.000001
West,F-G,-3.8911,-3.804,2023,2023-01-02 23:59:59.999997
West,F-G,-4.0482,-3.906,2023,2023-05-23 00:00:00.000001
West,F-G,-4.1402,-3.9846,2023,2023-10-09 23:59:59.999997
West,F-G,-4.3716,-4.0375,2024,2024-02-26 23:34:21.369864
West,F-G,-3.9801,-4.0639,2024,2024-07-16 00:00:00.000000
East,E-Ep,0.0,0.0039,1995,1995-05-29 23:59:59.999999
East,E-Ep,0.0276,0.0055,1995,1995-10-17 00:00:00.000002
East,E-Ep,-0.0405,0.0087,1996,1996-03-04 23:48:09.863014
East,E-Ep,-0.007,0.0136,1996,1996-07-23 00:00:00.000000
East,E-Ep,0.0232,0.0197,1996,1996-12-10 01:34:41.095893
East,E-Ep,0.0279,0.0264,1997,1997-04-29 00:00:00.000002
East,E-Ep,0.0629,0.033,1997,1997-09-15 23:59:59.999998
East,E-Ep,0.0356,0.0388,1998,1998-02-03 00:00:00.000002
East,E-Ep,0.0556,0.0434,1998,1998-06-22 23:59:59.999998
East,E-Ep,0.0503,0.0467,1998,1998-11-10 00:00:00.000001
East,E-Ep,0.0381,0.0489,1999,1999-03-29 23:59:59.999997
East,E-Ep,0.0684,0.0501,1999,1999-08-17 00:00:00.000000
East,E-Ep,0.0604,0.0506,2000,2000-01-03 21:47:50.136984
East,E-Ep,0.0308,0.0509,2000,2000-05-22 23:59:59.999998
East,E-Ep,0.0691,0.0509,2000,2000-10-09 23:59:59.999999
East,E-Ep,0.0273,0.0511,2001,2001-02-27 00:25:34.426228
East,E-Ep,0.0586,0.0513,2001,2001-07-17 00:00:00.000003
East,E-Ep,0.0506,0.0517,2001,2001-12-03 23:59:59.999999
East,E-Ep,0.0676,0.0523,2002,2002-04-23 00:00:00.000003
East,E-Ep,0.059,0.0532,2002,2002-09-09 23:59:59.999999
East,E-Ep,0.0109,0.0545,2003,2003-01-28 00:00:00.000002
East,E-Ep,0.0666,0.0563,2003,2003-06-16 23:59:59.999998
East,E-Ep,0.0638,0.0585,2003,2003-11-03 23:36:23.606560
East,E-Ep,0.0648,0.0608,2004,2004-03-23 00:00:00.000003
East,E-Ep,0.0704,0.0631,2004,2004-08-10 00:00:00.000003
East,E-Ep,0.0505,0.065,2004,2004-12-28 02:10:11.506853
East,E-Ep,0.067,0.0661,2005,2005-05-17 00:00:00.000001
East,E-Ep,0.0949,0.0664,2005,2005-10-03 23:59:59.999997
East,E-Ep,0.0639,0.0658,2006,2006-02-21 00:00:00.000000
East,E-Ep,0.0755,0.0644,2006,2006-07-10 23:59:59.999996
East,E-Ep,0.052,0.0625,2006,2006-11-28 00:00:00.000000
East,E-Ep,0.0554,0.0603,2007,2007-04-17 00:00:00.000003
East,E-Ep,0.061,0.0582,2007,2007-09-03 23:59:59.999999
East,E-Ep,0.0412,0.0564,2008,2008-01-21 22:23:20.547944
East,E-Ep,0.0733,0.055,2008,2008-06-10 00:00:00.000001
East,E-Ep,0.0596,0.0542,2008,2008-10-28 00:09:51.780823
East,E-Ep,0.036,0.0543,2009,2009-03-16 23:59:59.999999
East,E-Ep,0.0391,0.0556,2009,2009-08-04 00:00:00.000002
East,E-Ep,0.0401,0.0582,2009,2009-12-21 23:59:59.999998
East,E-Ep,0.0696,0.0617,2010,2010-05-11 00:00:00.000001
East,E-Ep,0.072,0.066,2010,2010-09-27 23:59:59.999998
East,E-Ep,0.0695,0.0704,2011,2011-02-15 00:00:00.000001
East,E-Ep,0.0813,0.0747,2011,2011-07-04 23:59:59.999997
East,E-Ep,0.0837,0.0786,2011,2011-11-21 23:00:59.016390
East,E-Ep,0.0789,0.0821,2012,2012-04-09 23:59:59.999999
East,E-Ep,0.0914,0.0853,2012,2012-08-27 23:59:59.999999
East,E-Ep,0.0714,0.0884,2013,2013-01-15 01:50:09.836063
East,E-Ep,0.1013,0.0913,2013,2013-06-04 00:00:00.000000
East,E-Ep,0.1062,0.0941,2013,2013-10-22 00:00:00.000003
East,E-Ep,0.0818,0.0967,2014,2014-03-10 23:59:59.999999
East,E-Ep,0.1028,0.0989,2014,2014-07-29 00:00:00.000003
East,E-Ep,0.1091,0.1008,2014,2014-12-15 23:59:59.999999
East,E-Ep,0.1035,0.1023,2015,2015-05-05 00:00:00.000002
East,E-Ep,0.1152,0.1037,2015,2015-09-21 23:59:59.999998
East,E-Ep,0.0944,0.1053,2016,2016-02-08 22:58:50.958904
East,E-Ep,0.0994,0.1075,2016,2016-06-27 23:59:59.999997
East,E-Ep,0.1052,0.1108,2016,2016-11-15 00:45:22.191783
East,E-Ep,0.093,0.1151,2017,2017-04-03 23:59:59.999998
East,E-Ep,0.1186,0.1203,2017,2017-08-22 00:00:00.000001
East,E-Ep,0.1318,0.1257,2018,2018-01-08 23:59:59.999997
East,E-Ep,0.1434,0.1307,2018,2018-05-29 00:00:00.000000
East,E-Ep,0.1515,0.1347,2018,2018-10-15 23:59:59.999996
East,E-Ep,0.1421,0.1373,2019,2019-03-05 00:00:00.000000
East,E-Ep,0.1484,0.1385,2019,2019-07-23 00:00:00.000003
East,E-Ep,0.1359,0.1386,2019,2019-12-09 22:25:34.426227
East,E-Ep,0.1359,0.1381,2020,2020-04-28 00:00:00.000002
East,E-Ep,0.1446,0.1373,2020,2020-09-15 00:00:00.000002
East,E-Ep,0.1223,0.1367,2021,2021-02-02 01:14:45.245900
East,E-Ep,0.1349,0.1364,2021,2021-06-21 23:59:59.999999
East,E-Ep,0.1338,0.1365,2021,2021-11-09 00:00:00.000002
East,E-Ep,0.1373,0.1368,2022,2022-03-28 23:59:59.999998
East,E-Ep,0.1459,0.1371,2022,2022-08-16 00:00:00.000001
East,E-Ep,0.1339,0.1372,2023,2023-01-02 23:59:59.999997
East,E-Ep,0.1425,0.1372,2023,2023-05-23 00:00:00.000001
East,E-Ep,0.1382,0.137,2023,2023-10-09 23:59:59.999997
East,E-Ep,0.1293,0.1368,2024,2024-02-26 23:34:21.369864
East,E-Ep,0.1383,0.1366,2024,2024-07-16 00:00:00.000000
East,D-Dp,0.0,0.0009,1995,1995-05-29 23:59:59.999999
East,D-Dp,0.0345,0.0011,1995,1995-10-17 00:00:00.000002
East,D-Dp,-0.0316,0.0016,1996,1996-03-04 23:48:09.863014
East,D-Dp,-0.0294,0.0025,1996,1996-07-23 00:00:00.000000
East,D-Dp,-0.0012,0.0034,1996,1996-12-10 01:34:41.095893
East,D-Dp,0.0249,0.0042,1997,1997-04-29 00:00:00.000002
East,D-Dp,0.0811,0.0046,1997,1997-09-15 23:59:59.999998
East,D-Dp,-0.0398,0.0049,1998,1998-02-03 00:00:00.000002
East,D-Dp,-0.0127,0.0056,1998,1998-06-22 23:59:59.999998
East,D-Dp,-0.008,0.0077,1998,1998-11-10 00:00:00.000001
East,D-Dp,-0.0188,0.0115,1999,1999-03-29 23:59:59.999997
East,D-Dp,0.0255,0.017,1999,1999-08-17 00:00:00.000000
East,D-Dp,0.0031,0.0233,2000,2000-01-03 21:47:50.136984
East,D-Dp,0.0465,0.0292,2000,2000-05-22 23:59:59.999998
East,D-Dp,0.0963,0.0338,2000,2000-10-09 23:59:59.999999
East,D-Dp,0.0281,0.0365,2001,2001-02-27 00:25:34.426228
East,D-Dp,0.0475,0.0373,2001,2001-07-17 00:00:00.000003
East,D-Dp,0.0109,0.0365,2001,2001-12-03 23:59:59.999999
East,D-Dp,0.0352,0.0345,2002,2002-04-23 00:00:00.000003
East,D-Dp,0.0757,0.0315,2002,2002-09-09 23:59:59.999999
East,D-Dp,-0.011,0.0278,2003,2003-01-28 00:00:00.000002
East,D-Dp,0.0609,0.0237,2003,2003-06-16 23:59:59.999998
East,D-Dp,0.0259,0.0196,2003,2003-11-03 23:36:23.606560
East,D-Dp,-0.0236,0.0161,2004,2004-03-23 00:00:00.000003
East,D-Dp,0.0116,0.0137,2004,2004-08-10 00:00:00.000003
East,D-Dp,-0.0107,0.0127,2004,2004-12-28 02:10:11.506853
East,D-Dp,0.0202,0.013,2005,2005-05-17 00:00:00.000001
East,D-Dp,0.0188,0.0142,2005,2005-10-03 23:59:59.999997
East,D-Dp,0.0102,0.0156,2006,2006-02-21 00:00:00.000000
East,D-Dp,0.0374,0.0166,2006,2006-07-10 23:59:59.999996
East,D-Dp,0.0037,0.0167,2006,2006-11-28 00:00:00.000000
East,D-Dp,0.0063,0.015,2007,2007-04-17 00:00:00.000003
East,D-Dp,0.0738,0.0113,2007,2007-09-03 23:59:59.999999
East,D-Dp,-0.0016,0.0054,2008,2008-01-21 22:23:20.547944
East,D-Dp,0.0214,-0.0023,2008,2008-06-10 00:00:00.000001
East,D-Dp,-0.0035,-0.0108,2008,2008-10-28 00:09:51.780823
East,D-Dp,-0.0576,-0.0186,2009,2009-03-16 23:59:59.999999
East,D-Dp,-0.0297,-0.0246,2009,2009-08-04 00:00:00.000002
East,D-Dp,-0.0772,-0.0278,2009,2009-12-21 23:59:59.999998
East,D-Dp,-0.0377,-0.0277,2010,2010-05-11 00:00:00.000001
East,D-Dp,-0.0241,-0.0248,2010,2010-09-27 23:59:59.999998
East,D-Dp,-0.0278,-0.0199,2011,2011-02-15 00:00:00.000001
East,D-Dp,-0.011,-0.0141,2011,2011-07-04 23:59:59.999997
East,D-Dp,-0.0067,-0.0083,2011,2011-11-21 23:00:59.016390
East,D-Dp,0.0205,-0.0032,2012,2012-04-09 23:59:59.999999
East,D-Dp,0.0133,0.0006,2012,2012-08-27 23:59:59.999999
East,D-Dp,-0.0047,0.0032,2013,2013-01-15 01:50:09.836063
East,D-Dp,0.0001,0.0045,2013,2013-06-04 00:00:00.000000
East,D-Dp,0.0135,0.0048,2013,2013-10-22 00:00:00.000003
East,D-Dp,0.0225,0.0046,2014,2014-03-10 23:59:59.999999
East,D-Dp,0.0187,0.0046,2014,2014-07-29 00:00:00.000003
East,D-Dp,-0.0201,0.0059,2014,2014-12-15 23:59:59.999999
East,D-Dp,-0.0239,0.0097,2015,2015-05-05 00:00:00.000002
East,D-Dp,-0.0113,0.0169,2015,2015-09-21 23:59:59.999998
East,D-Dp,-0.0002,0.0279,2016,2016-02-08 22:58:50.958904
East,D-Dp,0.0252,0.0423,2016,2016-06-27 23:59:59.999997
East,D-Dp,0.0603,0.059,2016,2016-11-15 00:45:22.191783
East,D-Dp,0.0978,0.0767,2017,2017-04-03 23:59:59.999998
East,D-Dp,0.0943,0.0939,2017,2017-08-22 00:00:00.000001
East,D-Dp,0.1209,0.1096,2018,2018-01-08 23:59:59.999997
East,D-Dp,0.1491,0.1228,2018,2018-05-29 00:00:00.000000
East,D-Dp,0.1474,0.1334,2018,2018-10-15 23:59:59.999996
East,D-Dp,0.149,0.1412,2019,2019-03-05 00:00:00.000000
East,D-Dp,0.1629,0.1466,2019,2019-07-23 00:00:00.000003
East,D-Dp,0.151,0.1502,2019,2019-12-09 22:25:34.426227
East,D-Dp,0.1566,0.1528,2020,2020-04-28 00:00:00.000002
East,D-Dp,0.152,0.1552,2020,2020-09-15 00:00:00.000002
East,D-Dp,0.15,0.1581,2021,2021-02-02 01:14:45.245900
East,D-Dp,0.1478,0.1622,2021,2021-06-21 23:59:59.999999
East,D-Dp,0.1593,0.1679,2021,2021-11-09 00:00:00.000002
East,D-Dp,0.159,0.175,2022,2022-03-28 23:59:59.999998
East,D-Dp,0.1584,0.183,2022,2022-08-16 00:00:00.000001
East,D-Dp,0.2314,0.1909,2023,2023-01-02 23:59:59.999997
East,D-Dp,0.2141,0.198,2023,2023-05-23 00:00:00.000001
East,D-Dp,0.2109,0.2036,2023,2023-10-09 23:59:59.999997
East,D-Dp,0.2187,0.2073,2024,2024-02-26 23:34:21.369864
East,D-Dp,0.2085,0.2091,2024,2024-07-16 00:00:00.000000
East,Cp-D,0.0,-0.0315,1995,1995-05-29 23:59:59.999999
East,Cp-D,-0.0153,-0.0305,1995,1995-10-17 00:00:00.000002
East,Cp-D,-0.0957,-0.0283,1996,1996-03-04 23:48:09.863014
East,Cp-D,-0.0839,-0.0241,1996,1996-07-23 00:00:00.000000
East,Cp-D,0.0067,-0.018,1996,1996-12-10 01:34:41.095893
East,Cp-D,0.0108,-0.0103,1997,1997-04-29 00:00:00.000002
East,Cp-D,0.004,-0.0019,1997,1997-09-15 23:59:59.999998
East,Cp-D,-0.0072,0.0062,1998,1998-02-03 00:00:00.000002
East,Cp-D,0.0115,0.0132,1998,1998-06-22 23:59:59.999998
East,Cp-D,0.0323,0.0184,1998,1998-11-10 00:00:00.000001
East,Cp-D,0.0536,0.0215,1999,1999-03-29 23:59:59.999997
East,Cp-D,0.0727,0.0228,1999,1999-08-17 00:00:00.000000
East,Cp-D,-0.0023,0.023,2000,2000-01-03 21:47:50.136984
East,Cp-D,-0.0095,0.0234,2000,2000-05-22 23:59:59.999998
East,Cp-D,0.0038,0.0249,2000,2000-10-09 23:59:59.999999
East,Cp-D,0.0179,0.0279,2001,2001-02-27 00:25:34.426228
East,Cp-D,0.0121,0.0319,2001,2001-07-17 00:00:00.000003
East,Cp-D,0.0552,0.0358,2001,2001-12-03 23:59:59.999999
East,Cp-D,0.0998,0.0386,2002,2002-04-23 00:00:00.000003
East,Cp-D,0.0163,0.0393,2002,2002-09-09 23:59:59.999999
East,Cp-D,0.0782,0.0379,2003,2003-01-28 00:00:00.000002
East,Cp-D,0.0385,0.035,2003,2003-06-16 23:59:59.999998
East,Cp-D,0.0116,0.0317,2003,2003-11-03 23:36:23.606560
East,Cp-D,0.0035,0.0292,2004,2004-03-23 00:00:00.000003
East,Cp-D,0.0155,0.0283,2004,2004-08-10 00:00:00.000003
East,Cp-D,0.0231,0.0289,2004,2004-12-28 02:10:11.506853
East,Cp-D,0.0156,0.0307,2005,2005-05-17 00:00:00.000001
East,Cp-D,0.0441,0.0325,2005,2005-10-03 23:59:59.999997
East,Cp-D,0.0523,0.0333,2006,2006-02-21 00:00:00.000000
East,Cp-D,0.0741,0.0322,2006,2006-07-10 23:59:59.999996
East,Cp-D,0.0289,0.029,2006,2006-11-28 00:00:00.000000
East,Cp-D,0.0184,0.0242,2007,2007-04-17 00:00:00.000003
East,Cp-D,0.0435,0.0188,2007,2007-09-03 23:59:59.999999
East,Cp-D,-0.0109,0.0144,2008,2008-01-21 22:23:20.547944
East,Cp-D,-0.0156,0.0124,2008,2008-06-10 00:00:00.000001
East,Cp-D,-0.0246,0.0142,2008,2008-10-28 00:09:51.780823
East,Cp-D,-0.0047,0.02,2009,2009-03-16 23:59:59.999999
East,Cp-D,0.002,0.0297,2009,2009-08-04 00:00:00.000002
East,Cp-D,0.0489,0.0418,2009,2009-12-21 23:59:59.999998
East,Cp-D,0.0684,0.0547,2010,2010-05-11 00:00:00.000001
East,Cp-D,0.051,0.0661,2010,2010-09-27 23:59:59.999998
East,Cp-D,0.1323,0.0744,2011,2011-02-15 00:00:00.000001
East,Cp-D,0.1343,0.0783,2011,2011-07-04 23:59:59.999997
East,Cp-D,0.1032,0.0776,2011,2011-11-21 23:00:59.016390
East,Cp-D,0.0709,0.0727,2012,2012-04-09 23:59:59.999999
East,Cp-D,0.059,0.0647,2012,2012-08-27 23:59:59.999999
East,Cp-D,0.0571,0.0546,2013,2013-01-15 01:50:09.836063
East,Cp-D,0.031,0.0431,2013,2013-06-04 00:00:00.000000
East,Cp-D,0.032,0.0305,2013,2013-10-22 00:00:00.000003
East,Cp-D,0.0552,0.0171,2014,2014-03-10 23:59:59.999999
East,Cp-D,0.0224,0.003,2014,2014-07-29 00:00:00.000003
East,Cp-D,-0.0287,-0.0111,2014,2014-12-15 23:59:59.999999
East,Cp-D,-0.0521,-0.0243,2015,2015-05-05 00:00:00.000002
East,Cp-D,-0.0498,-0.036,2015,2015-09-21 23:59:59.999998
East,Cp-D,-0.0814,-0.0459,2016,2016-02-08 22:58:50.958904
East,Cp-D,-0.0475,-0.0546,2016,2016-06-27 23:59:59.999997
East,Cp-D,-0.0394,-0.0629,2016,2016-11-15 00:45:22.191783
East,Cp-D,-0.0504,-0.0721,2017,2017-04-03 23:59:59.999998
East,Cp-D,-0.0836,-0.0833,2017,2017-08-22 00:00:00.000001
East,Cp-D,-0.085,-0.097,2018,2018-01-08 23:59:59.999997
East,Cp-D,-0.0904,-0.1136,2018,2018-05-29 00:00:00.000000
East,Cp-D,-0.1157,-0.1327,2018,2018-10-15 23:59:59.999996
East,Cp-D,-0.1367,-0.1535,2019,2019-03-05 00:00:00.000000
East,Cp-D,-0.1776,-0.1747,2019,2019-07-23 00:00:00.000003
East,Cp-D,-0.2229,-0.1945,2019,2019-12-09 22:25:34.426227
East,Cp-D,-0.2415,-0.2111,2020,2020-04-28 00:00:00.000002
East,Cp-D,-0.2464,-0.2229,2020,2020-09-15 00:00:00.000002
East,Cp-D,-0.2699,-0.2291,2021,2021-02-02 01:14:45.245900
East,Cp-D,-0.2876,-0.2296,2021,2021-06-21 23:59:59.999999
East,Cp-D,-0.2417,-0.2258,2021,2021-11-09 00:00:00.000002
East,Cp-D,-0.2063,-0.2196,2022,2022-03-28 23:59:59.999998
East,Cp-D,-0.2135,-0.2134,2022,2022-08-16 00:00:00.000001
East,Cp-D,-0.1364,-0.2095,2023,2023-01-02 23:59:59.999997
East,Cp-D,-0.1621,-0.2086,2023,2023-05-23 00:00:00.000001
East,Cp-D,-0.204,-0.2103,2023,2023-10-09 23:59:59.999997
East,Cp-D,-0.2285,-0.2131,2024,2024-02-26 23:34:21.369864
East,Cp-D,-0.2638,-0.2152,2024,2024-07-16 00:00:00.000000
East,B-C,0.0,0.009,1995,1995-05-29 23:59:59.999999
East,B-C,0.0497,0.0091,1995,1995-10-17 00:00:00.000002
East,B-C,-0.0402,0.0095,1996,1996-03-04 23:48:09.863014
East,B-C,0.0181,0.0101,1996,1996-07-23 00:00:00.000000
East,B-C,0.008,0.0107,1996,1996-12-10 01:34:41.095893
East,B-C,0.0035,0.0112,1997,1997-04-29 00:00:00.000002
East,B-C,0.0738,0.0113,1997,1997-09-15 23:59:59.999998
East,B-C,-0.0454,0.0106,1998,1998-02-03 00:00:00.000002
East,B-C,0.0318,0.0094,1998,1998-06-22 23:59:59.999998
East,B-C,0.034,0.0077,1998,1998-11-10 00:00:00.000001
East,B-C,-0.0382,0.0062,1999,1999-03-29 23:59:59.999997
East,B-C,0.0372,0.0052,1999,1999-08-17 00:00:00.000000
East,B-C,-0.0182,0.0054,2000,2000-01-03 21:47:50.136984
East,B-C,-0.0258,0.0071,2000,2000-05-22 23:59:59.999998
East,B-C,0.0294,0.01,2000,2000-10-09 23:59:59.999999
East,B-C,-0.0264,0.0137,2001,2001-02-27 00:25:34.426228
East,B-C,0.0546,0.0175,2001,2001-07-17 00:00:00.000003
East,B-C,0.0297,0.0206,2001,2001-12-03 23:59:59.999999
East,B-C,0.0483,0.0223,2002,2002-04-23 00:00:00.000003
East,B-C,0.0236,0.0225,2002,2002-09-09 23:59:59.999999
East,B-C,-0.0042,0.0214,2003,2003-01-28 00:00:00.000002
East,B-C,0.0509,0.0193,2003,2003-06-16 23:59:59.999998
East,B-C,0.0241,0.0169,2003,2003-11-03 23:36:23.606560
East,B-C,-0.0219,0.0146,2004,2004-03-23 00:00:00.000003
East,B-C,0.033,0.0128,2004,2004-08-10 00:00:00.000003
East,B-C,-0.0092,0.0117,2004,2004-12-28 02:10:11.506853
East,B-C,0.0037,0.0113,2005,2005-05-17 00:00:00.000001
East,B-C,0.0302,0.0115,2005,2005-10-03 23:59:59.999997
East,B-C,-0.0102,0.0118,2006,2006-02-21 00:00:00.000000
East,B-C,0.0327,0.012,2006,2006-07-10 23:59:59.999996
East,B-C,0.0118,0.0116,2006,2006-11-28 00:00:00.000000
East,B-C,0.0108,0.0104,2007,2007-04-17 00:00:00.000003
East,B-C,0.0344,0.0086,2007,2007-09-03 23:59:59.999999
East,B-C,-0.0145,0.0065,2008,2008-01-21 22:23:20.547944
East,B-C,0.0055,0.0045,2008,2008-06-10 00:00:00.000001
East,B-C,0.0133,0.0031,2008,2008-10-28 00:09:51.780823
East,B-C,-0.035,0.0029,2009,2009-03-16 23:59:59.999999
East,B-C,0.0121,0.004,2009,2009-08-04 00:00:00.000002
East,B-C,-0.0139,0.0066,2009,2009-12-21 23:59:59.999998
East,B-C,0.0018,0.0101,2010,2010-05-11 00:00:00.000001
East,B-C,0.0326,0.014,2010,2010-09-27 23:59:59.999998
East,B-C,0.0201,0.0176,2011,2011-02-15 00:00:00.000001
East,B-C,0.0357,0.0204,2011,2011-07-04 23:59:59.999997
East,B-C,0.0291,0.0221,2011,2011-11-21 23:00:59.016390
East,B-C,0.0145,0.023,2012,2012-04-09 23:59:59.999999
East,B-C,0.0429,0.0232,2012,2012-08-27 23:59:59.999999
East,B-C,0.0049,0.0231,2013,2013-01-15 01:50:09.836063
East,B-C,0.0168,0.023,2013,2013-06-04 00:00:00.000000
East,B-C,0.0254,0.023,2013,2013-10-22 00:00:00.000003
East,B-C,0.0202,0.0231,2014,2014-03-10 23:59:59.999999
East,B-C,0.0425,0.0231,2014,2014-07-29 00:00:00.000003
East,B-C,0.0185,0.0231,2014,2014-12-15 23:59:59.999999
East,B-C,0.0166,0.0231,2015,2015-05-05 00:00:00.000002
East,B-C,0.0231,0.0231,2015,2015-09-21 23:59:59.999998
East,B-C,0.0066,0.0231,2016,2016-02-08 22:58:50.958904
East,B-C,0.0408,0.0231,2016,2016-06-27 23:59:59.999997
East,B-C,0.0308,0.0229,2016,2016-11-15 00:45:22.191783
East,B-C,0.0133,0.0223,2017,2017-04-03 23:59:59.999998
East,B-C,0.0329,0.0213,2017,2017-08-22 00:00:00.000001
East,B-C,0.0129,0.0199,2018,2018-01-08 23:59:59.999997
East,B-C,0.0257,0.0186,2018,2018-05-29 00:00:00.000000
East,B-C,0.0277,0.0178,2018,2018-10-15 23:59:59.999996
East,B-C,-0.0099,0.0181,2019,2019-03-05 00:00:00.000000
East,B-C,0.0099,0.0199,2019,2019-07-23 00:00:00.000003
East,B-C,-0.0003,0.0236,2019,2019-12-09 22:25:34.426227
East,B-C,0.0224,0.029,2020,2020-04-28 00:00:00.000002
East,B-C,0.0503,0.0355,2020,2020-09-15 00:00:00.000002
East,B-C,0.0323,0.0426,2021,2021-02-02 01:14:45.245900
East,B-C,0.0614,0.0495,2021,2021-06-21 23:59:59.999999
East,B-C,0.068,0.0556,2021,2021-11-09 00:00:00.000002
East,B-C,0.0535,0.0606,2022,2022-03-28 23:59:59.999998
East,B-C,0.0882,0.0643,2022,2022-08-16 00:00:00.000001
East,B-C,0.0583,0.0666,2023,2023-01-02 23:59:59.999997
East,B-C,0.0811,0.0677,2023,2023-05-23 00:00:00.000001
East,B-C,0.088,0.068,2023,2023-10-09 23:59:59.999997
East,B-C,0.0412,0.0678,2024,2024-02-26 23:34:21.369864
East,B-C,0.0705,0.0676,2024,2024-07-16 00:00:00.000000
East,A-Ap,0.0,0.0191,1995,1995-05-29 23:59:59.999999
East,A-Ap,0.0729,0.0168,1995,1995-10-17 00:00:00.000002
East,A-Ap,-0.019,0.0124,1996,1996-03-04 23:48:09.863014
East,A-Ap,0.1198,0.0068,1996,1996-07-23 00:00:00.000000
East,A-Ap,-0.093,0.0006,1996,1996-12-10 01:34:41.095893
East,A-Ap,-0.0609,-0.0051,1997,1997-04-29 00:00:00.000002
East,A-Ap,0.0588,-0.0094,1997,1997-09-15 23:59:59.999998
East,A-Ap,-0.0651,-0.0119,1998,1998-02-03 00:00:00.000002
East,A-Ap,0.0178,-0.0117,1998,1998-06-22 23:59:59.999998
East,A-Ap,0.0156,-0.0083,1998,1998-11-10 00:00:00.000001
East,A-Ap,-0.1364,-0.0012,1999,1999-03-29 23:59:59.999997
East,A-Ap,0.0061,0.0093,1999,1999-08-17 00:00:00.000000
East,A-Ap,0.0005,0.0222,2000,2000-01-03 21:47:50.136984
East,A-Ap,0.0614,0.036,2000,2000-05-22 23:59:59.999998
East,A-Ap,0.1655,0.0493,2000,2000-10-09 23:59:59.999999
East,A-Ap,0.0261,0.0614,2001,2001-02-27 00:25:34.426228
East,A-Ap,0.062,0.0728,2001,2001-07-17 00:00:00.000003
East,A-Ap,0.0459,0.084,2001,2001-12-03 23:59:59.999999
East,A-Ap,0.0478,0.0958,2002,2002-04-23 00:00:00.000003
East,A-Ap,0.1895,0.1079,2002,2002-09-09 23:59:59.999999
East,A-Ap,0.045,0.1194,2003,2003-01-28 00:00:00.000002
East,A-Ap,0.212,0.1289,2003,2003-06-16 23:59:59.999998
East,A-Ap,0.163,0.1354,2003,2003-11-03 23:36:23.606560
East,A-Ap,0.1348,0.1381,2004,2004-03-23 00:00:00.000003
East,A-Ap,0.2067,0.1372,2004,2004-08-10 00:00:00.000003
East,A-Ap,0.0764,0.1336,2004,2004-12-28 02:10:11.506853
East,A-Ap,0.1358,0.1282,2005,2005-05-17 00:00:00.000001
East,A-Ap,0.1546,0.1221,2005,2005-10-03 23:59:59.999997
East,A-Ap,0.0745,0.1164,2006,2006-02-21 00:00:00.000000
East,A-Ap,0.1386,0.1121,2006,2006-07-10 23:59:59.999996
East,A-Ap,0.0871,0.1102,2006,2006-11-28 00:00:00.000000
East,A-Ap,0.0639,0.112,2007,2007-04-17 00:00:00.000003
East,A-Ap,0.1243,0.118,2007,2007-09-03 23:59:59.999999
East,A-Ap,0.0397,0.1283,2008,2008-01-21 22:23:20.547944
East,A-Ap,0.1576,0.142,2008,2008-06-10 00:00:00.000001
East,A-Ap,0.1633,0.1571,2008,2008-10-28 00:09:51.780823
East,A-Ap,0.1458,0.171,2009,2009-03-16 23:59:59.999999
East,A-Ap,0.284,0.1814,2009,2009-08-04 00:00:00.000002
East,A-Ap,0.2196,0.1869,2009,2009-12-21 23:59:59.999998
East,A-Ap,0.2457,0.1879,2010,2010-05-11 00:00:00.000001
East,A-Ap,0.2521,0.1863,2010,2010-09-27 23:59:59.999998
East,A-Ap,0.0379,0.1853,2011,2011-02-15 00:00:00.000001
East,A-Ap,0.12,0.1876,2011,2011-07-04 23:59:59.999997
East,A-Ap,0.1481,0.195,2011,2011-11-21 23:00:59.016390
East,A-Ap,0.2151,0.2071,2012,2012-04-09 23:59:59.999999
East,A-Ap,0.2693,0.2225,2012,2012-08-27 23:59:59.999999
East,A-Ap,0.2409,0.2393,2013,2013-01-15 01:50:09.836063
East,A-Ap,0.2406,0.2559,2013,2013-06-04 00:00:00.000000
East,A-Ap,0.29,0.2713,2013,2013-10-22 00:00:00.000003
East,A-Ap,0.289,0.2851,2014,2014-03-10 23:59:59.999999
East,A-Ap,0.3217,0.2974,2014,2014-07-29 00:00:00.000003
East,A-Ap,0.298,0.3086,2014,2014-12-15 23:59:59.999999
East,A-Ap,0.3217,0.3189,2015,2015-05-05 00:00:00.000002
East,A-Ap,0.3441,0.329,2015,2015-09-21 23:59:59.999998
East,A-Ap,0.3001,0.3394,2016,2016-02-08 22:58:50.958904
East,A-Ap,0.3692,0.3502,2016,2016-06-27 23:59:59.999997
East,A-Ap,0.354,0.3618,2016,2016-11-15 00:45:22.191783
East,A-Ap,0.3607,0.3739,2017,2017-04-03 23:59:59.999998
East,A-Ap,0.4011,0.3861,2017,2017-08-22 00:00:00.000001
East,A-Ap,0.3719,0.398,2018,2018-01-08 23:59:59.999997
East,A-Ap,0.4375,0.4089,2018,2018-05-29 00:00:00.000000
East,A-Ap,0.4568,0.4185,2018,2018-10-15 23:59:59.999996
East,A-Ap,0.4188,0.4269,2019,2019-03-05 00:00:00.000000
East,A-Ap,0.4427,0.4344,2019,2019-07-23 00:00:00.000003
East,A-Ap,0.4157,0.4421,2019,2019-12-09 22:25:34.426227
East,A-Ap,0.4318,0.4507,2020,2020-04-28 00:00:00.000002
East,A-Ap,0.4871,0.461,2020,2020-09-15 00:00:00.000002
East,A-Ap,0.4325,0.4731,2021,2021-02-02 01:14:45.245900
East,A-Ap,0.4668,0.4866,2021,2021-06-21 23:59:59.999999
East,A-Ap,0.4814,0.5006,2021,2021-11-09 00:00:00.000002
East,A-Ap,0.5538,0.5139,2022,2022-03-28 23:59:59.999998
East,A-Ap,0.6024,0.5256,2022,2022-08-16 00:00:00.000001
East,A-Ap,0.5227,0.5352,2023,2023-01-02 23:59:59.999997
East,A-Ap,0.5171,0.5428,2023,2023-05-23 00:00:00.000001
East,A-Ap,0.546,0.5484,2023,2023-10-09 23:59:59.999997
East,A-Ap,0.5442,0.5522,2024,2024-02-26 23:34:21.369864
East,A-Ap,0.5965,0.5543,2024,2024-07-16 00:00:00.000000
East,Jpp-K,0.0,0.043,1995,1995-05-29 23:59:59.999999
East,Jpp-K,0.0802,0.0445,1995,1995-10-17 00:00:00.000002
East,Jpp-K,0.024,0.0469,1996,1996-03-04 23:48:09.863014
East,Jpp-K,0.0673,0.0497,1996,1996-07-23 00:00:00.000000
East,Jpp-K,0.0565,0.052,1996,1996-12-10 01:34:41.095893
East,Jpp-K,0.0477,0.053,1997,1997-04-29 00:00:00.000002
East,Jpp-K,0.0937,0.0524,1997,1997-09-15 23:59:59.999998
East,Jpp-K,0.0324,0.0497,1998,1998-02-03 00:00:00.000002
East,Jpp-K,0.0691,0.0449,1998,1998-06-22 23:59:59.999998
East,Jpp-K,0.0626,0.0382,1998,1998-11-10 00:00:00.000001
East,Jpp-K,0.0035,0.0299,1999,1999-03-29 23:59:59.999997
East,Jpp-K,0.0471,0.0207,1999,1999-08-17 00:00:00.000000
East,Jpp-K,0.0154,0.0115,2000,2000-01-03 21:47:50.136984
East,Jpp-K,-0.0304,0.0031,2000,2000-05-22 23:59:59.999998
East,Jpp-K,-0.0059,-0.0037,2000,2000-10-09 23:59:59.999999
East,Jpp-K,-0.0411,-0.0086,2001,2001-02-27 00:25:34.426228
East,Jpp-K,-0.0076,-0.0114,2001,2001-07-17 00:00:00.000003
East,Jpp-K,-0.0188,-0.0124,2001,2001-12-03 23:59:59.999999
East,Jpp-K,-0.0072,-0.0121,2002,2002-04-23 00:00:00.000003
East,Jpp-K,-0.0176,-0.0107,2002,2002-09-09 23:59:59.999999
East,Jpp-K,-0.0219,-0.0089,2003,2003-01-28 00:00:00.000002
East,Jpp-K,0.009,-0.0068,2003,2003-06-16 23:59:59.999998
East,Jpp-K,-0.0061,-0.0044,2003,2003-11-03 23:36:23.606560
East,Jpp-K,0.0038,-0.0016,2004,2004-03-23 00:00:00.000003
East,Jpp-K,0.004,0.0022,2004,2004-08-10 00:00:00.000003
East,Jpp-K,-0.0198,0.0078,2004,2004-12-28 02:10:11.506853
East,Jpp-K,-0.001,0.016,2005,2005-05-17 00:00:00.000001
East,Jpp-K,-0.0002,0.0274,2005,2005-10-03 23:59:59.999997
East,Jpp-K,0.0226,0.042,2006,2006-02-21 00:00:00.000000
East,Jpp-K,0.0427,0.0591,2006,2006-07-10 23:59:59.999996
East,Jpp-K,0.0705,0.0777,2006,2006-11-28 00:00:00.000000
East,Jpp-K,0.1252,0.0962,2007,2007-04-17 00:00:00.000003
East,Jpp-K,0.1453,0.1134,2007,2007-09-03 23:59:59.999999
East,Jpp-K,0.1322,0.1284,2008,2008-01-21 22:23:20.547944
East,Jpp-K,0.1559,0.1408,2008,2008-06-10 00:00:00.000001
East,Jpp-K,0.161,0.1508,2008,2008-10-28 00:09:51.780823
East,Jpp-K,0.1601,0.1591,2009,2009-03-16 23:59:59.999999
East,Jpp-K,0.1769,0.1662,2009,2009-08-04 00:00:00.000002
East,Jpp-K,0.1618,0.173,2009,2009-12-21 23:59:59.999998
East,Jpp-K,0.1698,0.1798,2010,2010-05-11 00:00:00.000001
East,Jpp-K,0.1665,0.1867,2010,2010-09-27 23:59:59.999998
East,Jpp-K,0.2109,0.1932,2011,2011-02-15 00:00:00.000001
East,Jpp-K,0.2228,0.199,2011,2011-07-04 23:59:59.999997
East,Jpp-K,0.2191,0.2038,2011,2011-11-21 23:00:59.016390
East,Jpp-K,0.2037,0.2073,2012,2012-04-09 23:59:59.999999
East,Jpp-K,0.2063,0.2098,2012,2012-08-27 23:59:59.999999
East,Jpp-K,0.2053,0.2114,2013,2013-01-15 01:50:09.836063
East,Jpp-K,0.2192,0.2124,2013,2013-06-04 00:00:00.000000
East,Jpp-K,0.2264,0.2129,2013,2013-10-22 00:00:00.000003
East,Jpp-K,0.2103,0.2131,2014,2014-03-10 23:59:59.999999
East,Jpp-K,0.2178,0.2133,2014,2014-07-29 00:00:00.000003
East,Jpp-K,0.2035,0.2139,2014,2014-12-15 23:59:59.999999
East,Jpp-K,0.2037,0.215,2015,2015-05-05 00:00:00.000002
East,Jpp-K,0.2106,0.2169,2015,2015-09-21 23:59:59.999998
East,Jpp-K,0.2109,0.2194,2016,2016-02-08 22:58:50.958904
East,Jpp-K,0.2362,0.2222,2016,2016-06-27 23:59:59.999997
East,Jpp-K,0.2318,0.225,2016,2016-11-15 00:45:22.191783
East,Jpp-K,0.2275,0.2276,2017,2017-04-03 23:59:59.999998
East,Jpp-K,0.235,0.2299,2017,2017-08-22 00:00:00.000001
East,Jpp-K,0.2166,0.2319,2018,2018-01-08 23:59:59.999997
East,Jpp-K,0.2377,0.2337,2018,2018-05-29 00:00:00.000000
East,Jpp-K,0.2478,0.2353,2018,2018-10-15 23:59:59.999996
East,Jpp-K,0.2364,0.2369,2019,2019-03-05 00:00:00.000000
East,Jpp-K,0.2369,0.2384,2019,2019-07-23 00:00:00.000003
East,Jpp-K,0.2289,0.24,2019,2019-12-09 22:25:34.426227
East,Jpp-K,0.2413,0.2415,2020,2020-04-28 00:00:00.000002
East,Jpp-K,0.2499,0.2429,2020,2020-09-15 00:00:00.000002
East,Jpp-K,0.2422,0.244,2021,2021-02-02 01:14:45.245900
East,Jpp-K,0.2578,0.2447,2021,2021-06-21 23:59:59.999999
East,Jpp-K,0.2542,0.245,2021,2021-11-09 00:00:00.000002
East,Jpp-K,0.2355,0.2452,2022,2022-03-28 23:59:59.999998
East,Jpp-K,0.2444,0.2459,2022,2022-08-16 00:00:00.000001
East,Jpp-K,0.2268,0.2471,2023,2023-01-02 23:59:59.999997
East,Jpp-K,0.2432,0.249,2023,2023-05-23 00:00:00.000001
East,Jpp-K,0.2508,0.2512,2023,2023-10-09 23:59:59.999997
East,Jpp-K,0.2635,0.2533,2024,2024-02-26 23:34:21.369864
East,Jpp-K,0.2683,0.2545,2024,2024-07-16 00:00:00.000000
West,G-H,0.0,-0.0443,1995,1995-05-29 23:59:59.999999
West,G-H,0.0773,-0.0527,1995,1995-10-17 00:00:00.000002
West,G-H,-0.0516,-0.0678,1996,1996-03-04 23:48:09.863014
West,G-H,-0.2388,-0.0868,1996,1996-07-23 00:00:00.000000
West,G-H,-0.0623,-0.1074,1996,1996-12-10 01:34:41.095893
West,G-H,-0.1742,-0.1282,1997,1997-04-29 00:00:00.000002
West,G-H,-0.0676,-0.149,1997,1997-09-15 23:59:59.999998
West,G-H,-0.2094,-0.1705,1998,1998-02-03 00:00:00.000002
West,G-H,-0.1609,-0.1931,1998,1998-06-22 23:59:59.999998
West,G-H,-0.1469,-0.2174,1998,1998-11-10 00:00:00.000001
West,G-H,-0.3274,-0.2435,1999,1999-03-29 23:59:59.999997
West,G-H,-0.2556,-0.272,1999,1999-08-17 00:00:00.000000
West,G-H,-0.3354,-0.3039,2000,2000-01-03 21:47:50.136984
West,G-H,-0.2899,-0.3408,2000,2000-05-22 23:59:59.999998
West,G-H,-0.2206,-0.384,2000,2000-10-09 23:59:59.999999
West,G-H,-0.3619,-0.4334,2001,2001-02-27 00:25:34.426228
West,G-H,-0.6196,-0.4875,2001,2001-07-17 00:00:00.000003
West,G-H,-0.4894,-0.5435,2001,2001-12-03 23:59:59.999999
West,G-H,-0.6068,-0.5984,2002,2002-04-23 00:00:00.000003
West,G-H,-0.7817,-0.6497,2002,2002-09-09 23:59:59.999999
West,G-H,-0.6992,-0.6964,2003,2003-01-28 00:00:00.000002
West,G-H,-0.718,-0.7387,2003,2003-06-16 23:59:59.999998
West,G-H,-0.7655,-0.7775,2003,2003-11-03 23:36:23.606560
West,G-H,-0.8577,-0.8143,2004,2004-03-23 00:00:00.000003
West,G-H,-0.8552,-0.8504,2004,2004-08-10 00:00:00.000003
West,G-H,-0.8279,-0.8872,2004,2004-12-28 02:10:11.506853
West,G-H,-0.9702,-0.9261,2005,2005-05-17 00:00:00.000001
West,G-H,-0.9181,-0.9685,2005,2005-10-03 23:59:59.999997
West,G-H,-0.9823,-1.0154,2006,2006-02-21 00:00:00.000000
West,G-H,-1.0186,-1.0674,2006,2006-07-10 23:59:59.999996
West,G-H,-1.1029,-1.1248,2006,2006-11-28 00:00:00.000000
West,G-H,-1.1976,-1.1871,2007,2007-04-17 00:00:00.000003
West,G-H,-1.2136,-1.2534,2007,2007-09-03 23:59:59.999999
West,G-H,-1.3196,-1.3222,2008,2008-01-21 22:23:20.547944
West,G-H,-1.4204,-1.3912,2008,2008-06-10 00:00:00.000001
West,G-H,-1.3977,-1.4562,2008,2008-10-28 00:09:51.780823
West,G-H,-1.5608,-1.5116,2009,2009-03-16 23:59:59.999999
West,G-H,-1.6451,-1.551,2009,2009-08-04 00:00:00.000002
West,G-H,-1.7512,-1.5696,2009,2009-12-21 23:59:59.999998
West,G-H,-1.8935,-1.5674,2010,2010-05-11 00:00:00.000001
West,G-H,-1.9545,-1.5506,2010,2010-09-27 23:59:59.999998
West,G-H,-1.046,-1.5311,2011,2011-02-15 00:00:00.000001
West,G-H,-1.1954,-1.5232,2011,2011-07-04 23:59:59.999997
West,G-H,-1.321,-1.5385,2011,2011-11-21 23:00:59.016390
West,G-H,-1.46,-1.583,2012,2012-04-09 23:59:59.999999
West,G-H,-1.5981,-1.6561,2012,2012-08-27 23:59:59.999999
West,G-H,-1.7261,-1.7524,2013,2013-01-15 01:50:09.836063
West,G-H,-1.7934,-1.865,2013,2013-06-04 00:00:00.000000
West,G-H,-1.9848,-1.9869,2013,2013-10-22 00:00:00.000003
West,G-H,-2.1829,-2.113,2014,2014-03-10 23:59:59.999999
West,G-H,-2.2234,-2.2395,2014,2014-07-29 00:00:00.000003
West,G-H,-2.3464,-2.3641,2014,2014-12-15 23:59:59.999999
West,G-H,-2.5395,-2.4859,2015,2015-05-05 00:00:00.000002
West,G-H,-2.6431,-2.6048,2015,2015-09-21 23:59:59.999998
West,G-H,-2.7418,-2.722,2016,2016-02-08 22:58:50.958904
West,G-H,-2.8319,-2.8392,2016,2016-06-27 23:59:59.999997
West,G-H,-2.8749,-2.9584,2016,2016-11-15 00:45:22.191783
West,G-H,-3.0508,-3.0809,2017,2017-04-03 23:59:59.999998
West,G-H,-3.1723,-3.2066,2017,2017-08-22 00:00:00.000001
West,G-H,-3.3215,-3.3337,2018,2018-01-08 23:59:59.999997
West,G-H,-3.5146,-3.4596,2018,2018-05-29 00:00:00.000000
West,G-H,-3.6268,-3.5817,2018,2018-10-15 23:59:59.999996
West,G-H,-3.8146,-3.6988,2019,2019-03-05 00:00:00.000000
West,G-H,-3.8175,-3.8113,2019,2019-07-23 00:00:00.000003
West,G-H,-3.8833,-3.9217,2019,2019-12-09 22:25:34.426227
West,G-H,-4.0038,-4.0331,2020,2020-04-28 00:00:00.000002
West,G-H,-4.0648,-4.1483,2020,2020-09-15 00:00:00.000002
West,G-H,-4.2086,-4.2689,2021,2021-02-02 01:14:45.245900
West,G-H,-4.4154,-4.3949,2021,2021-06-21 23:59:59.999999
West,G-H,-4.5239,-4.525,2021,2021-11-09 00:00:00.000002
West,G-H,-4.6876,-4.6569,2022,2022-03-28 23:59:59.999998
West,G-H,-4.7409,-4.7874,2022,2022-08-16 00:00:00.000001
West,G-H,-4.9224,-4.9121,2023,2023-01-02 23:59:59.999997
West,G-H,-5.0974,-5.0251,2023,2023-05-23 00:00:00.000001
West,G-H,-5.2423,-5.1195,2023,2023-10-09 23:59:59.999997
West,G-H,-5.377,-5.1877,2024,2024-02-26 23:34:21.369864
West,G-H,-5.4541,-5.2237,2024,2024-07-16 00:00:00.000000
East,Dp-E,0.0,0.0694,1995,1995-05-29 23:59:59.999999
East,Dp-E,0.1636,0.0696,1995,1995-10-17 00:00:00.000002
East,Dp-E,0.0637,0.0702,1996,1996-03-04 23:48:09.863014
East,Dp-E,0.07,0.0713,1996,1996-07-23 00:00:00.000000
East,Dp-E,0.0426,0.073,1996,1996-12-10 01:34:41.095893
East,Dp-E,-0.0146,0.0753,1997,1997-04-29 00:00:00.000002
East,Dp-E,0.2137,0.0781,1997,1997-09-15 23:59:59.999998
East,Dp-E,0.0691,0.0814,1998,1998-02-03 00:00:00.000002
East,Dp-E,0.0213,0.0853,1998,1998-06-22 23:59:59.999998
East,Dp-E,0.1508,0.0903,1998,1998-11-10 00:00:00.000001
East,Dp-E,0.0305,0.0968,1999,1999-03-29 23:59:59.999997
East,Dp-E,0.0782,0.1045,1999,1999-08-17 00:00:00.000000
East,Dp-E,0.1075,0.1124,2000,2000-01-03 21:47:50.136984
East,Dp-E,0.1417,0.1193,2000,2000-05-22 23:59:59.999998
East,Dp-E,0.204,0.1238,2000,2000-10-09 23:59:59.999999
East,Dp-E,0.1567,0.1258,2001,2001-02-27 00:25:34.426228
East,Dp-E,0.1498,0.1266,2001,2001-07-17 00:00:00.000003
East,Dp-E,0.0818,0.1284,2001,2001-12-03 23:59:59.999999
East,Dp-E,0.016,0.1337,2002,2002-04-23 00:00:00.000003
East,Dp-E,0.1435,0.1433,2002,2002-09-09 23:59:59.999999
East,Dp-E,0.0347,0.1564,2003,2003-01-28 00:00:00.000002
East,Dp-E,0.3051,0.1705,2003,2003-06-16 23:59:59.999998
East,Dp-E,0.2311,0.1823,2003,2003-11-03 23:36:23.606560
East,Dp-E,0.2358,0.1896,2004,2004-03-23 00:00:00.000003
East,Dp-E,0.2833,0.1916,2004,2004-08-10 00:00:00.000003
East,Dp-E,0.1022,0.1892,2004,2004-12-28 02:10:11.506853
East,Dp-E,0.1545,0.1838,2005,2005-05-17 00:00:00.000001
East,Dp-E,0.25,0.1769,2005,2005-10-03 23:59:59.999997
East,Dp-E,0.0782,0.1693,2006,2006-02-21 00:00:00.000000
East,Dp-E,0.2354,0.1612,2006,2006-07-10 23:59:59.999996
East,Dp-E,0.1756,0.1524,2006,2006-11-28 00:00:00.000000
East,Dp-E,0.1098,0.143,2007,2007-04-17 00:00:00.000003
East,Dp-E,0.1753,0.1335,2007,2007-09-03 23:59:59.999999
East,Dp-E,0.0292,0.1243,2008,2008-01-21 22:23:20.547944
East,Dp-E,0.169,0.1161,2008,2008-06-10 00:00:00.000001
East,Dp-E,0.1204,0.1094,2008,2008-10-28 00:09:51.780823
East,Dp-E,0.0578,0.1047,2009,2009-03-16 23:59:59.999999
East,Dp-E,0.1211,0.1019,2009,2009-08-04 00:00:00.000002
East,Dp-E,0.0258,0.1012,2009,2009-12-21 23:59:59.999998
East,Dp-E,0.1213,0.1021,2010,2010-05-11 00:00:00.000001
East,Dp-E,0.1318,0.1042,2010,2010-09-27 23:59:59.999998
East,Dp-E,0.1248,0.1069,2011,2011-02-15 00:00:00.000001
East,Dp-E,0.0897,0.11,2011,2011-07-04 23:59:59.999997
East,Dp-E,0.0978,0.1134,2011,2011-11-21 23:00:59.016390
East,Dp-E,0.0968,0.1171,2012,2012-04-09 23:59:59.999999
East,Dp-E,0.1404,0.1207,2012,2012-08-27 23:59:59.999999
East,Dp-E,0.1167,0.1236,2013,2013-01-15 01:50:09.836063
East,Dp-E,0.1641,0.1254,2013,2013-06-04 00:00:00.000000
East,Dp-E,0.1686,0.1262,2013,2013-10-22 00:00:00.000003
East,Dp-E,0.0864,0.1264,2014,2014-03-10 23:59:59.999999
East,Dp-E,0.111,0.127,2014,2014-07-29 00:00:00.000003
East,Dp-E,0.1052,0.1289,2014,2014-12-15 23:59:59.999999
East,Dp-E,0.1159,0.1326,2015,2015-05-05 00:00:00.000002
East,Dp-E,0.1592,0.1381,2015,2015-09-21 23:59:59.999998
East,Dp-E,0.1256,0.145,2016,2016-02-08 22:58:50.958904
East,Dp-E,0.1502,0.1527,2016,2016-06-27 23:59:59.999997
East,Dp-E,0.1745,0.1608,2016,2016-11-15 00:45:22.191783
East,Dp-E,0.1684,0.1688,2017,2017-04-03 23:59:59.999998
East,Dp-E,0.1807,0.1762,2017,2017-08-22 00:00:00.000001
East,Dp-E,0.1657,0.1827,2018,2018-01-08 23:59:59.999997
East,Dp-E,0.2118,0.1879,2018,2018-05-29 00:00:00.000000
East,Dp-E,0.2146,0.1914,2018,2018-10-15 23:59:59.999996
East,Dp-E,0.191,0.1931,2019,2019-03-05 00:00:00.000000
East,Dp-E,0.228,0.193,2019,2019-07-23 00:00:00.000003
East,Dp-E,0.1629,0.1915,2019,2019-12-09 22:25:34.426227
East,Dp-E,0.1942,0.1888,2020,2020-04-28 00:00:00.000002
East,Dp-E,0.1979,0.1854,2020,2020-09-15 00:00:00.000002
East,Dp-E,0.1677,0.1816,2021,2021-02-02 01:14:45.245900
East,Dp-E,0.209,0.1778,2021,2021-06-21 23:59:59.999999
East,Dp-E,0.1423,0.1743,2021,2021-11-09 00:00:00.000002
East,Dp-E,0.1775,0.1715,2022,2022-03-28 23:59:59.999998
East,Dp-E,0.1591,0.17,2022,2022-08-16 00:00:00.000001
East,Dp-E,0.1482,0.1699,2023,2023-01-02 23:59:59.999997
East,Dp-E,0.1886,0.1712,2023,2023-05-23 00:00:00.000001
East,Dp-E,0.1437,0.1734,2023,2023-10-09 23:59:59.999997
East,Dp-E,0.1425,0.1756,2024,2024-02-26 23:34:21.369864
East,Dp-E,0.2404,0.177,2024,2024-07-16 00:00:00.000000
East,Ap-B,0.0,-0.0597,1995,1995-05-29 23:59:59.999999
East,Ap-B,0.0195,-0.0626,1995,1995-10-17 00:00:00.000002
East,Ap-B,-0.1711,-0.0671,1996,1996-03-04 23:48:09.863014
East,Ap-B,-0.146,-0.0713,1996,1996-07-23 00:00:00.000000
East,Ap-B,-0.0824,-0.0738,1996,1996-12-10 01:34:41.095893
East,Ap-B,-0.0695,-0.074,1997,1997-04-29 00:00:00.000002
East,Ap-B,0.0397,-0.0719,1997,1997-09-15 23:59:59.999998
East,Ap-B,-0.1707,-0.0677,1998,1998-02-03 00:00:00.000002
East,Ap-B,-0.0812,-0.0616,1998,1998-06-22 23:59:59.999998
East,Ap-B,-0.0619,-0.0541,1998,1998-11-10 00:00:00.000001
East,Ap-B,-0.0847,-0.0459,1999,1999-03-29 23:59:59.999997
East,Ap-B,0.0698,-0.0381,1999,1999-08-17 00:00:00.000000
East,Ap-B,-0.0874,-0.0323,2000,2000-01-03 21:47:50.136984
East,Ap-B,-0.0053,-0.0294,2000,2000-05-22 23:59:59.999998
East,Ap-B,0.0926,-0.0299,2000,2000-10-09 23:59:59.999999
East,Ap-B,-0.1229,-0.0335,2001,2001-02-27 00:25:34.426228
East,Ap-B,-0.0024,-0.0394,2001,2001-07-17 00:00:00.000003
East,Ap-B,-0.0645,-0.0462,2001,2001-12-03 23:59:59.999999
East,Ap-B,-0.0334,-0.0524,2002,2002-04-23 00:00:00.000003
East,Ap-B,-0.076,-0.0567,2002,2002-09-09 23:59:59.999999
East,Ap-B,-0.1151,-0.0579,2003,2003-01-28 00:00:00.000002
East,Ap-B,-0.0531,-0.0554,2003,2003-06-16 23:59:59.999998
East,Ap-B,-0.0752,-0.0487,2003,2003-11-03 23:36:23.606560
East,Ap-B,-0.0866,-0.0384,2004,2004-03-23 00:00:00.000003
East,Ap-B,0.0045,-0.0253,2004,2004-08-10 00:00:00.000003
East,Ap-B,-0.0341,-0.0108,2004,2004-12-28 02:10:11.506853
East,Ap-B,0.0197,0.0036,2005,2005-05-17 00:00:00.000001
East,Ap-B,0.0661,0.0168,2005,2005-10-03 23:59:59.999997
East,Ap-B,0.0046,0.0281,2006,2006-02-21 00:00:00.000000
East,Ap-B,0.0812,0.0372,2006,2006-07-10 23:59:59.999996
East,Ap-B,0.0301,0.0447,2006,2006-11-28 00:00:00.000000
East,Ap-B,0.0321,0.0512,2007,2007-04-17 00:00:00.000003
East,Ap-B,0.1242,0.0578,2007,2007-09-03 23:59:59.999999
East,Ap-B,-0.0118,0.0656,2008,2008-01-21 22:23:20.547944
East,Ap-B,0.0608,0.0753,2008,2008-06-10 00:00:00.000001
East,Ap-B,0.0884,0.0872,2008,2008-10-28 00:09:51.780823
East,Ap-B,0.0545,0.1008,2009,2009-03-16 23:59:59.999999
East,Ap-B,0.1689,0.1152,2009,2009-08-04 00:00:00.000002
East,Ap-B,0.1029,0.1295,2009,2009-12-21 23:59:59.999998
East,Ap-B,0.1702,0.1426,2010,2010-05-11 00:00:00.000001
East,Ap-B,0.2296,0.1544,2010,2010-09-27 23:59:59.999998
East,Ap-B,0.1064,0.1651,2011,2011-02-15 00:00:00.000001
East,Ap-B,0.1634,0.1753,2011,2011-07-04 23:59:59.999997
East,Ap-B,0.1601,0.1853,2011,2011-11-21 23:00:59.016390
East,Ap-B,0.2014,0.1952,2012,2012-04-09 23:59:59.999999
East,Ap-B,0.2675,0.2047,2012,2012-08-27 23:59:59.999999
East,Ap-B,0.2011,0.2136,2013,2013-01-15 01:50:09.836063
East,Ap-B,0.2045,0.2218,2013,2013-06-04 00:00:00.000000
East,Ap-B,0.2443,0.2297,2013,2013-10-22 00:00:00.000003
East,Ap-B,0.2129,0.2377,2014,2014-03-10 23:59:59.999999
East,Ap-B,0.2705,0.2464,2014,2014-07-29 00:00:00.000003
East,Ap-B,0.2242,0.2563,2014,2014-12-15 23:59:59.999999
East,Ap-B,0.2605,0.2677,2015,2015-05-05 00:00:00.000002
East,Ap-B,0.2932,0.2807,2015,2015-09-21 23:59:59.999998
East,Ap-B,0.2591,0.2957,2016,2016-02-08 22:58:50.958904
East,Ap-B,0.3128,0.3125,2016,2016-06-27 23:59:59.999997
East,Ap-B,0.3357,0.3311,2016,2016-11-15 00:45:22.191783
East,Ap-B,0.3213,0.3515,2017,2017-04-03 23:59:59.999998
East,Ap-B,0.3935,0.3732,2017,2017-08-22 00:00:00.000001
East,Ap-B,0.3659,0.3961,2018,2018-01-08 23:59:59.999997
East,Ap-B,0.4265,0.4195,2018,2018-05-29 00:00:00.000000
East,Ap-B,0.4535,0.4428,2018,2018-10-15 23:59:59.999996
East,Ap-B,0.4647,0.4653,2019,2019-03-05 00:00:00.000000
East,Ap-B,0.5017,0.4864,2019,2019-07-23 00:00:00.000003
East,Ap-B,0.5232,0.5054,2019,2019-12-09 22:25:34.426227
East,Ap-B,0.5229,0.5221,2020,2020-04-28 00:00:00.000002
East,Ap-B,0.5777,0.5367,2020,2020-09-15 00:00:00.000002
East,Ap-B,0.5393,0.5494,2021,2021-02-02 01:14:45.245900
East,Ap-B,0.561,0.561,2021,2021-06-21 23:59:59.999999
East,Ap-B,0.5714,0.5722,2021,2021-11-09 00:00:00.000002
East,Ap-B,0.5514,0.5833,2022,2022-03-28 23:59:59.999998
East,Ap-B,0.613,0.5944,2022,2022-08-16 00:00:00.000001
East,Ap-B,0.6048,0.6051,2023,2023-01-02 23:59:59.999997
East,Ap-B,0.6289,0.6148,2023,2023-05-23 00:00:00.000001
East,Ap-B,0.6475,0.6227,2023,2023-10-09 23:59:59.999997
East,Ap-B,0.6126,0.6284,2024,2024-02-26 23:34:21.369864
East,Ap-B,0.6639,0.6313,2024,2024-07-16 00:00:00.000000
East,C-Cp,0.0,-0.0311,1995,1995-05-29 23:59:59.999999
East,C-Cp,-0.0342,-0.0264,1995,1995-10-17 00:00:00.000002
East,C-Cp,-0.1389,-0.017,1996,1996-03-04 23:48:09.863014
East,C-Cp,-0.0842,-0.003,1996,1996-07-23 00:00:00.000000
East,C-Cp,0.0977,0.0146,1996,1996-12-10 01:34:41.095893
East,C-Cp,0.0328,0.0347,1997,1997-04-29 00:00:00.000002
East,C-Cp,0.1052,0.0559,1997,1997-09-15 23:59:59.999998
East,C-Cp,0.0155,0.0772,1998,1998-02-03 00:00:00.000002
East,C-Cp,0.0963,0.0984,1998,1998-06-22 23:59:59.999998
East,C-Cp,0.1525,0.1193,1998,1998-11-10 00:00:00.000001
East,C-Cp,0.1151,0.1403,1999,1999-03-29 23:59:59.999997
East,C-Cp,0.206,0.1614,1999,1999-08-17 00:00:00.000000
East,C-Cp,0.1368,0.1831,2000,2000-01-03 21:47:50.136984
East,C-Cp,0.1768,0.2051,2000,2000-05-22 23:59:59.999998
East,C-Cp,0.2845,0.2272,2000,2000-10-09 23:59:59.999999
East,C-Cp,0.1998,0.2486,2001,2001-02-27 00:25:34.426228
East,C-Cp,0.2847,0.2679,2001,2001-07-17 00:00:00.000003
East,C-Cp,0.3309,0.2838,2001,2001-12-03 23:59:59.999999
East,C-Cp,0.3672,0.2954,2002,2002-04-23 00:00:00.000003
East,C-Cp,0.2894,0.3024,2002,2002-09-09 23:59:59.999999
East,C-Cp,0.3353,0.3054,2003,2003-01-28 00:00:00.000002
East,C-Cp,0.3074,0.3056,2003,2003-06-16 23:59:59.999998
East,C-Cp,0.3008,0.3046,2003,2003-11-03 23:36:23.606560
East,C-Cp,0.2556,0.304,2004,2004-03-23 00:00:00.000003
East,C-Cp,0.3435,0.3048,2004,2004-08-10 00:00:00.000003
East,C-Cp,0.2601,0.3076,2004,2004-12-28 02:10:11.506853
East,C-Cp,0.289,0.3123,2005,2005-05-17 00:00:00.000001
East,C-Cp,0.3374,0.3182,2005,2005-10-03 23:59:59.999997
East,C-Cp,0.3011,0.3243,2006,2006-02-21 00:00:00.000000
East,C-Cp,0.3858,0.3293,2006,2006-07-10 23:59:59.999996
East,C-Cp,0.341,0.3324,2006,2006-11-28 00:00:00.000000
East,C-Cp,0.3343,0.3333,2007,2007-04-17 00:00:00.000003
East,C-Cp,0.3809,0.3325,2007,2007-09-03 23:59:59.999999
East,C-Cp,0.2901,0.3309,2008,2008-01-21 22:23:20.547944
East,C-Cp,0.319,0.3299,2008,2008-06-10 00:00:00.000001
East,C-Cp,0.3336,0.3308,2008,2008-10-28 00:09:51.780823
East,C-Cp,0.2746,0.3346,2009,2009-03-16 23:59:59.999999
East,C-Cp,0.3544,0.3417,2009,2009-08-04 00:00:00.000002
East,C-Cp,0.3232,0.3521,2009,2009-12-21 23:59:59.999998
East,C-Cp,0.3451,0.365,2010,2010-05-11 00:00:00.000001
East,C-Cp,0.3753,0.379,2010,2010-09-27 23:59:59.999998
East,C-Cp,0.4127,0.3926,2011,2011-02-15 00:00:00.000001
East,C-Cp,0.4517,0.4044,2011,2011-07-04 23:59:59.999997
East,C-Cp,0.4199,0.4135,2011,2011-11-21 23:00:59.016390
East,C-Cp,0.4329,0.4193,2012,2012-04-09 23:59:59.999999
East,C-Cp,0.4518,0.4218,2012,2012-08-27 23:59:59.999999
East,C-Cp,0.4076,0.4213,2013,2013-01-15 01:50:09.836063
East,C-Cp,0.4151,0.4178,2013,2013-06-04 00:00:00.000000
East,C-Cp,0.4328,0.4115,2013,2013-10-22 00:00:00.000003
East,C-Cp,0.4439,0.4026,2014,2014-03-10 23:59:59.999999
East,C-Cp,0.4221,0.3918,2014,2014-07-29 00:00:00.000003
East,C-Cp,0.3711,0.3799,2014,2014-12-15 23:59:59.999999
East,C-Cp,0.3131,0.3683,2015,2015-05-05 00:00:00.000002
East,C-Cp,0.3316,0.3576,2015,2015-09-21 23:59:59.999998
East,C-Cp,0.3476,0.3481,2016,2016-02-08 22:58:50.958904
East,C-Cp,0.3787,0.3393,2016,2016-06-27 23:59:59.999997
East,C-Cp,0.3279,0.3307,2016,2016-11-15 00:45:22.191783
East,C-Cp,0.3218,0.3213,2017,2017-04-03 23:59:59.999998
East,C-Cp,0.319,0.3107,2017,2017-08-22 00:00:00.000001
East,C-Cp,0.2783,0.2985,2018,2018-01-08 23:59:59.999997
East,C-Cp,0.3266,0.2849,2018,2018-05-29 00:00:00.000000
East,C-Cp,0.3105,0.2706,2018,2018-10-15 23:59:59.999996
East,C-Cp,0.2261,0.257,2019,2019-03-05 00:00:00.000000
East,C-Cp,0.2256,0.2461,2019,2019-07-23 00:00:00.000003
East,C-Cp,0.1759,0.24,2019,2019-12-09 22:25:34.426227
East,C-Cp,0.1816,0.2401,2020,2020-04-28 00:00:00.000002
East,C-Cp,0.2365,0.2472,2020,2020-09-15 00:00:00.000002
East,C-Cp,0.2242,0.2608,2021,2021-02-02 01:14:45.245900
East,C-Cp,0.2346,0.2793,2021,2021-06-21 23:59:59.999999
East,C-Cp,0.3221,0.3007,2021,2021-11-09 00:00:00.000002
East,C-Cp,0.339,0.3221,2022,2022-03-28 23:59:59.999998
East,C-Cp,0.3685,0.3413,2022,2022-08-16 00:00:00.000001
East,C-Cp,0.4029,0.3566,2023,2023-01-02 23:59:59.999997
East,C-Cp,0.4013,0.3671,2023,2023-05-23 00:00:00.000001
East,C-Cp,0.404,0.3734,2023,2023-10-09 23:59:59.999997
East,C-Cp,0.3695,0.3764,2024,2024-02-26 23:34:21.369864
East,C-Cp,0.3574,0.3775,2024,2024-07-16 00:00:00.000000
East,K-A,0.0,0.087,1995,1995-05-29 23:59:59.999999
East,K-A,0.2015,0.0859,1995,1995-10-17 00:00:00.000002
East,K-A,0.0541,0.0835,1996,1996-03-04 23:48:09.863014
East,K-A,0.181,0.0799,1996,1996-07-23 00:00:00.000000
East,K-A,0.0127,0.0753,1996,1996-12-10 01:34:41.095893
East,K-A,-0.0029,0.0701,1997,1997-04-29 00:00:00.000002
East,K-A,0.1327,0.0649,1997,1997-09-15 23:59:59.999998
East,K-A,0.0394,0.06,1998,1998-02-03 00:00:00.000002
East,K-A,0.0749,0.0558,1998,1998-06-22 23:59:59.999998
East,K-A,0.0947,0.0527,1998,1998-11-10 00:00:00.000001
East,K-A,-0.0541,0.0514,1999,1999-03-29 23:59:59.999997
East,K-A,0.0577,0.0524,1999,1999-08-17 00:00:00.000000
East,K-A,0.026,0.0559,2000,2000-01-03 21:47:50.136984
East,K-A,0.0569,0.0613,2000,2000-05-22 23:59:59.999998
East,K-A,0.1306,0.0682,2000,2000-10-09 23:59:59.999999
East,K-A,0.0617,0.0761,2001,2001-02-27 00:25:34.426228
East,K-A,0.0537,0.0844,2001,2001-07-17 00:00:00.000003
East,K-A,0.0585,0.0929,2001,2001-12-03 23:59:59.999999
East,K-A,0.1143,0.1007,2002,2002-04-23 00:00:00.000003
East,K-A,0.1727,0.1066,2002,2002-09-09 23:59:59.999999
East,K-A,0.074,0.1096,2003,2003-01-28 00:00:00.000002
East,K-A,0.1835,0.109,2003,2003-06-16 23:59:59.999998
East,K-A,0.1518,0.1055,2003,2003-11-03 23:36:23.606560
East,K-A,0.102,0.101,2004,2004-03-23 00:00:00.000003
East,K-A,0.0429,0.0983,2004,2004-08-10 00:00:00.000003
East,K-A,0.0139,0.1005,2004,2004-12-28 02:10:11.506853
East,K-A,0.0705,0.1099,2005,2005-05-17 00:00:00.000001
East,K-A,0.1025,0.1275,2005,2005-10-03 23:59:59.999997
East,K-A,0.0641,0.1529,2006,2006-02-21 00:00:00.000000
East,K-A,0.1962,0.1843,2006,2006-07-10 23:59:59.999996
East,K-A,0.245,0.2193,2006,2006-11-28 00:00:00.000000
East,K-A,0.237,0.2554,2007,2007-04-17 00:00:00.000003
East,K-A,0.3591,0.2905,2007,2007-09-03 23:59:59.999999
East,K-A,0.2714,0.323,2008,2008-01-21 22:23:20.547944
East,K-A,0.4196,0.3523,2008,2008-06-10 00:00:00.000001
East,K-A,0.4478,0.3781,2008,2008-10-28 00:09:51.780823
East,K-A,0.3045,0.4005,2009,2009-03-16 23:59:59.999999
East,K-A,0.4672,0.4198,2009,2009-08-04 00:00:00.000002
East,K-A,0.4423,0.436,2009,2009-12-21 23:59:59.999998
East,K-A,0.4991,0.4493,2010,2010-05-11 00:00:00.000001
East,K-A,0.5062,0.4602,2010,2010-09-27 23:59:59.999998
East,K-A,0.3952,0.4691,2011,2011-02-15 00:00:00.000001
East,K-A,0.4912,0.4769,2011,2011-07-04 23:59:59.999997
East,K-A,0.5055,0.4844,2011,2011-11-21 23:00:59.016390
East,K-A,0.4733,0.4923,2012,2012-04-09 23:59:59.999999
East,K-A,0.511,0.5008,2012,2012-08-27 23:59:59.999999
East,K-A,0.4768,0.5099,2013,2013-01-15 01:50:09.836063
East,K-A,0.5034,0.519,2013,2013-06-04 00:00:00.000000
East,K-A,0.5744,0.5277,2013,2013-10-22 00:00:00.000003
East,K-A,0.5347,0.5351,2014,2014-03-10 23:59:59.999999
East,K-A,0.587,0.5411,2014,2014-07-29 00:00:00.000003
East,K-A,0.5248,0.5457,2014,2014-12-15 23:59:59.999999
East,K-A,0.5329,0.5492,2015,2015-05-05 00:00:00.000002
East,K-A,0.5756,0.5523,2015,2015-09-21 23:59:59.999998
East,K-A,0.5008,0.5553,2016,2016-02-08 22:58:50.958904
East,K-A,0.616,0.5584,2016,2016-06-27 23:59:59.999997
East,K-A,0.5577,0.562,2016,2016-11-15 00:45:22.191783
East,K-A,0.561,0.5661,2017,2017-04-03 23:59:59.999998
East,K-A,0.5408,0.5709,2017,2017-08-22 00:00:00.000001
East,K-A,0.5341,0.576,2018,2018-01-08 23:59:59.999997
East,K-A,0.6161,0.5813,2018,2018-05-29 00:00:00.000000
East,K-A,0.6679,0.5862,2018,2018-10-15 23:59:59.999996
East,K-A,0.5507,0.5909,2019,2019-03-05 00:00:00.000000
East,K-A,0.5706,0.5958,2019,2019-07-23 00:00:00.000003
East,K-A,0.583,0.6017,2019,2019-12-09 22:25:34.426227
East,K-A,0.6129,0.6093,2020,2020-04-28 00:00:00.000002
East,K-A,0.6303,0.6193,2020,2020-09-15 00:00:00.000002
East,K-A,0.5713,0.6319,2021,2021-02-02 01:14:45.245900
East,K-A,0.6459,0.6469,2021,2021-06-21 23:59:59.999999
East,K-A,0.6557,0.6641,2021,2021-11-09 00:00:00.000002
East,K-A,0.6906,0.6833,2022,2022-03-28 23:59:59.999998
East,K-A,0.7475,0.7044,2022,2022-08-16 00:00:00.000001
East,K-A,0.6684,0.7268,2023,2023-01-02 23:59:59.999997
East,K-A,0.6819,0.7496,2023,2023-05-23 00:00:00.000001
East,K-A,0.8153,0.7707,2023,2023-10-09 23:59:59.999997
East,K-A,0.7875,0.7874,2024,2024-02-26 23:34:21.369864
East,K-A,0.9277,0.7966,2024,2024-07-16 00:00:00.000000
West,J-Jpp,0.0,0.09,1995,1995-05-29 23:59:59.999999
West,J-Jpp,0.0404,0.0986,1995,1995-10-17 00:00:00.000002
West,J-Jpp,0.0927,0.1143,1996,1996-03-04 23:48:09.863014
West,J-Jpp,0.2392,0.1344,1996,1996-07-23 00:00:00.000000
West,J-Jpp,0.1499,0.1568,1996,1996-12-10 01:34:41.095893
West,J-Jpp,0.1299,0.18,1997,1997-04-29 00:00:00.000002
West,J-Jpp,0.2481,0.2036,1997,1997-09-15 23:59:59.999998
West,J-Jpp,0.184,0.2278,1998,1998-02-03 00:00:00.000002
West,J-Jpp,0.2426,0.253,1998,1998-06-22 23:59:59.999998
West,J-Jpp,0.2897,0.2791,1998,1998-11-10 00:00:00.000001
West,J-Jpp,0.2755,0.3055,1999,1999-03-29 23:59:59.999997
West,J-Jpp,0.3513,0.3311,1999,1999-08-17 00:00:00.000000
West,J-Jpp,0.3969,0.3552,2000,2000-01-03 21:47:50.136984
West,J-Jpp,0.3883,0.3771,2000,2000-05-22 23:59:59.999998
West,J-Jpp,0.4409,0.3972,2000,2000-10-09 23:59:59.999999
West,J-Jpp,0.4039,0.4163,2001,2001-02-27 00:25:34.426228
West,J-Jpp,0.3461,0.4353,2001,2001-07-17 00:00:00.000003
West,J-Jpp,0.4754,0.4548,2001,2001-12-03 23:59:59.999999
West,J-Jpp,0.489,0.4747,2002,2002-04-23 00:00:00.000003
West,J-Jpp,0.5203,0.4945,2002,2002-09-09 23:59:59.999999
West,J-Jpp,0.4947,0.5137,2003,2003-01-28 00:00:00.000002
West,J-Jpp,0.5794,0.5321,2003,2003-06-16 23:59:59.999998
West,J-Jpp,0.5309,0.5499,2003,2003-11-03 23:36:23.606560
West,J-Jpp,0.5458,0.5679,2004,2004-03-23 00:00:00.000003
West,J-Jpp,0.5923,0.5869,2004,2004-08-10 00:00:00.000003
West,J-Jpp,0.6013,0.6072,2004,2004-12-28 02:10:11.506853
West,J-Jpp,0.5689,0.6291,2005,2005-05-17 00:00:00.000001
West,J-Jpp,0.6924,0.6522,2005,2005-10-03 23:59:59.999997
West,J-Jpp,0.6659,0.6756,2006,2006-02-21 00:00:00.000000
West,J-Jpp,0.7181,0.6988,2006,2006-07-10 23:59:59.999996
West,J-Jpp,0.7504,0.7213,2006,2006-11-28 00:00:00.000000
West,J-Jpp,0.7088,0.7431,2007,2007-04-17 00:00:00.000003
West,J-Jpp,0.7863,0.7647,2007,2007-09-03 23:59:59.999999
West,J-Jpp,0.7844,0.7864,2008,2008-01-21 22:23:20.547944
West,J-Jpp,0.7651,0.8089,2008,2008-06-10 00:00:00.000001
West,J-Jpp,0.8351,0.8324,2008,2008-10-28 00:09:51.780823
West,J-Jpp,0.8694,0.8571,2009,2009-03-16 23:59:59.999999
West,J-Jpp,0.9194,0.8832,2009,2009-08-04 00:00:00.000002
West,J-Jpp,0.8725,0.9108,2009,2009-12-21 23:59:59.999998
West,J-Jpp,0.8693,0.9395,2010,2010-05-11 00:00:00.000001
West,J-Jpp,0.9467,0.9681,2010,2010-09-27 23:59:59.999998
West,J-Jpp,1.0771,0.9948,2011,2011-02-15 00:00:00.000001
West,J-Jpp,1.085,1.018,2011,2011-07-04 23:59:59.999997
West,J-Jpp,1.0745,1.0366,2011,2011-11-21 23:00:59.016390
West,J-Jpp,1.054,1.0506,2012,2012-04-09 23:59:59.999999
West,J-Jpp,1.0643,1.0614,2012,2012-08-27 23:59:59.999999
West,J-Jpp,1.0554,1.071,2013,2013-01-15 01:50:09.836063
West,J-Jpp,1.0425,1.0812,2013,2013-06-04 00:00:00.000000
West,J-Jpp,1.105,1.0936,2013,2013-10-22 00:00:00.000003
West,J-Jpp,1.0719,1.109,2014,2014-03-10 23:59:59.999999
West,J-Jpp,1.112,1.1274,2014,2014-07-29 00:00:00.000003
West,J-Jpp,1.1484,1.1487,2014,2014-12-15 23:59:59.999999
West,J-Jpp,1.1576,1.1721,2015,2015-05-05 00:00:00.000002
West,J-Jpp,1.1958,1.1971,2015,2015-09-21 23:59:59.999998
West,J-Jpp,1.2291,1.223,2016,2016-02-08 22:58:50.958904
West,J-Jpp,1.2374,1.2493,2016,2016-06-27 23:59:59.999997
West,J-Jpp,1.3054,1.2758,2016,2016-11-15 00:45:22.191783
West,J-Jpp,1.2989,1.3026,2017,2017-04-03 23:59:59.999998
West,J-Jpp,1.3028,1.33,2017,2017-08-22 00:00:00.000001
West,J-Jpp,1.3634,1.3582,2018,2018-01-08 23:59:59.999997
West,J-Jpp,1.3508,1.3873,2018,2018-05-29 00:00:00.000000
West,J-Jpp,1.4278,1.4168,2018,2018-10-15 23:59:59.999996
West,J-Jpp,1.472,1.4462,2019,2019-03-05 00:00:00.000000
West,J-Jpp,1.4899,1.475,2019,2019-07-23 00:00:00.000003
West,J-Jpp,1.5093,1.5028,2019,2019-12-09 22:25:34.426227
West,J-Jpp,1.5124,1.5296,2020,2020-04-28 00:00:00.000002
West,J-Jpp,1.5428,1.5555,2020,2020-09-15 00:00:00.000002
West,J-Jpp,1.6191,1.5806,2021,2021-02-02 01:14:45.245900
West,J-Jpp,1.6071,1.6052,2021,2021-06-21 23:59:59.999999
West,J-Jpp,1.6181,1.6293,2021,2021-11-09 00:00:00.000002
West,J-Jpp,1.6518,1.6531,2022,2022-03-28 23:59:59.999998
West,J-Jpp,1.6624,1.6764,2022,2022-08-16 00:00:00.000001
West,J-Jpp,1.7236,1.6986,2023,2023-01-02 23:59:59.999997
West,J-Jpp,1.7031,1.7187,2023,2023-05-23 00:00:00.000001
West,J-Jpp,1.7742,1.7355,2023,2023-10-09 23:59:59.999997
West,J-Jpp,1.7969,1.7477,2024,2024-02-26 23:34:21.369864
West,J-Jpp,1.7781,1.754,2024,2024-07-16 00:00:00.000000
Peninsula,Ipp-J,0.0,-0.2461,1995,1995-05-29 23:59:59.999999
Peninsula,Ipp-J,-0.3639,-0.2245,1995,1995-10-17 00:00:00.000002
Peninsula,Ipp-J,-0.6161,-0.1822,1996,1996-03-04 23:48:09.863014
Peninsula,Ipp-J,-0.6932,-0.1229,1996,1996-07-23 00:00:00.000000
Peninsula,Ipp-J,-0.0924,-0.0544,1996,1996-12-10 01:34:41.095893
Peninsula,Ipp-J,0.7699,0.0136,1997,1997-04-29 00:00:00.000002
Peninsula,Ipp-J,0.8822,0.0737,1997,1997-09-15 23:59:59.999998
Peninsula,Ipp-J,-0.5896,0.1252,1998,1998-02-03 00:00:00.000002
Peninsula,Ipp-J,-0.0565,0.1719,1998,1998-06-22 23:59:59.999998
Peninsula,Ipp-J,0.0288,0.2189,1998,1998-11-10 00:00:00.000001
Peninsula,Ipp-J,0.1399,0.2676,1999,1999-03-29 23:59:59.999997
Peninsula,Ipp-J,1.0586,0.3152,1999,1999-08-17 00:00:00.000000
Peninsula,Ipp-J,0.0572,0.3579,2000,2000-01-03 21:47:50.136984
Peninsula,Ipp-J,0.6572,0.3937,2000,2000-05-22 23:59:59.999998
Peninsula,Ipp-J,0.4158,0.4245,2000,2000-10-09 23:59:59.999999
Peninsula,Ipp-J,0.0542,0.455,2001,2001-02-27 00:25:34.426228
Peninsula,Ipp-J,0.5285,0.4898,2001,2001-07-17 00:00:00.000003
Peninsula,Ipp-J,0.7795,0.5327,2001,2001-12-03 23:59:59.999999
Peninsula,Ipp-J,0.2935,0.5855,2002,2002-04-23 00:00:00.000003
Peninsula,Ipp-J,0.8133,0.6483,2002,2002-09-09 23:59:59.999999
Peninsula,Ipp-J,0.2895,0.7192,2003,2003-01-28 00:00:00.000002
Peninsula,Ipp-J,0.9228,0.7941,2003,2003-06-16 23:59:59.999998
Peninsula,Ipp-J,0.9827,0.8671,2003,2003-11-03 23:36:23.606560
Peninsula,Ipp-J,1.0855,0.9313,2004,2004-03-23 00:00:00.000003
Peninsula,Ipp-J,1.0626,0.9808,2004,2004-08-10 00:00:00.000003
Peninsula,Ipp-J,1.0109,1.0121,2004,2004-12-28 02:10:11.506853
Peninsula,Ipp-J,1.28,1.0253,2005,2005-05-17 00:00:00.000001
Peninsula,Ipp-J,1.1313,1.0243,2005,2005-10-03 23:59:59.999997
Peninsula,Ipp-J,1.0006,1.0148,2006,2006-02-21 00:00:00.000000
Peninsula,Ipp-J,0.8434,1.0033,2006,2006-07-10 23:59:59.999996
Peninsula,Ipp-J,0.7452,0.9937,2006,2006-11-28 00:00:00.000000
Peninsula,Ipp-J,0.9989,0.987,2007,2007-04-17 00:00:00.000003
Peninsula,Ipp-J,1.332,0.9813,2007,2007-09-03 23:59:59.999999
Peninsula,Ipp-J,0.7741,0.9745,2008,2008-01-21 22:23:20.547944
Peninsula,Ipp-J,1.2234,0.966,2008,2008-06-10 00:00:00.000001
Peninsula,Ipp-J,0.9128,0.9584,2008,2008-10-28 00:09:51.780823
Peninsula,Ipp-J,0.7098,0.9555,2009,2009-03-16 23:59:59.999999
Peninsula,Ipp-J,0.9064,0.9604,2009,2009-08-04 00:00:00.000002
Peninsula,Ipp-J,0.7693,0.9736,2009,2009-12-21 23:59:59.999998
Peninsula,Ipp-J,1.1866,0.9924,2010,2010-05-11 00:00:00.000001
Peninsula,Ipp-J,1.0357,1.0124,2010,2010-09-27 23:59:59.999998
Peninsula,Ipp-J,1.1188,1.0294,2011,2011-02-15 00:00:00.000001
Peninsula,Ipp-J,1.1174,1.0412,2011,2011-07-04 23:59:59.999997
Peninsula,Ipp-J,1.0441,1.0481,2011,2011-11-21 23:00:59.016390
Peninsula,Ipp-J,0.9321,1.0514,2012,2012-04-09 23:59:59.999999
Peninsula,Ipp-J,1.0415,1.053,2012,2012-08-27 23:59:59.999999
Peninsula,Ipp-J,1.1002,1.0539,2013,2013-01-15 01:50:09.836063
Peninsula,Ipp-J,1.1663,1.0546,2013,2013-06-04 00:00:00.000000
Peninsula,Ipp-J,0.9726,1.0556,2013,2013-10-22 00:00:00.000003
Peninsula,Ipp-J,1.0663,1.0575,2014,2014-03-10 23:59:59.999999
Peninsula,Ipp-J,1.0076,1.0606,2014,2014-07-29 00:00:00.000003
Peninsula,Ipp-J,0.97,1.0649,2014,2014-12-15 23:59:59.999999
Peninsula,Ipp-J,1.1896,1.0693,2015,2015-05-05 00:00:00.000002
Peninsula,Ipp-J,1.1163,1.0728,2015,2015-09-21 23:59:59.999998
Peninsula,Ipp-J,1.0359,1.0744,2016,2016-02-08 22:58:50.958904
Peninsula,Ipp-J,1.1407,1.0745,2016,2016-06-27 23:59:59.999997
Peninsula,Ipp-J,1.0806,1.0741,2016,2016-11-15 00:45:22.191783
Peninsula,Ipp-J,1.0148,1.0746,2017,2017-04-03 23:59:59.999998
Peninsula,Ipp-J,0.9432,1.0764,2017,2017-08-22 00:00:00.000001
Peninsula,Ipp-J,1.1041,1.0792,2018,2018-01-08 23:59:59.999997
Peninsula,Ipp-J,1.2121,1.0819,2018,2018-05-29 00:00:00.000000
Peninsula,Ipp-J,1.1762,1.0835,2018,2018-10-15 23:59:59.999996
Peninsula,Ipp-J,1.0036,1.0842,2019,2019-03-05 00:00:00.000000
Peninsula,Ipp-J,1.0096,1.0846,2019,2019-07-23 00:00:00.000003
Peninsula,Ipp-J,1.0356,1.0859,2019,2019-12-09 22:25:34.426227
Peninsula,Ipp-J,1.1553,1.0885,2020,2020-04-28 00:00:00.000002
Peninsula,Ipp-J,1.1511,1.0928,2020,2020-09-15 00:00:00.000002
Peninsula,Ipp-J,1.042,1.0985,2021,2021-02-02 01:14:45.245900
Peninsula,Ipp-J,1.0692,1.1055,2021,2021-06-21 23:59:59.999999
Peninsula,Ipp-J,1.0623,1.114,2021,2021-11-09 00:00:00.000002
Peninsula,Ipp-J,1.2074,1.1241,2022,2022-03-28 23:59:59.999998
Peninsula,Ipp-J,1.1706,1.136,2022,2022-08-16 00:00:00.000001
Peninsula,Ipp-J,1.0334,1.1496,2023,2023-01-02 23:59:59.999997
Peninsula,Ipp-J,1.1942,1.1644,2023,2023-05-23 00:00:00.000001
Peninsula,Ipp-J,1.1154,1.1789,2023,2023-10-09 23:59:59.999997
Peninsula,Ipp-J,1.1997,1.1909,2024,2024-02-26 23:34:21.369864
Peninsula,Ipp-J,1.3279,1.1977,2024,2024-07-16 00:00:00.000000
Peninsula,I-Ipp,0.0,1.6857,1995,1995-05-29 23:59:59.999999
Peninsula,I-Ipp,1.8015,1.6909,1995,1995-10-17 00:00:00.000002
Peninsula,I-Ipp,2.2034,1.6762,1996,1996-03-04 23:48:09.863014
Peninsula,I-Ipp,5.355,1.6093,1996,1996-07-23 00:00:00.000000
Peninsula,I-Ipp,0.5286,1.4755,1996,1996-12-10 01:34:41.095893
Peninsula,I-Ipp,1.1505,1.2897,1997,1997-04-29 00:00:00.000002
Peninsula,I-Ipp,0.8255,1.0923,1997,1997-09-15 23:59:59.999998
Peninsula,I-Ipp,0.414,0.9293,1998,1998-02-03 00:00:00.000002
Peninsula,I-Ipp,-0.8139,0.8318,1998,1998-06-22 23:59:59.999998
Peninsula,I-Ipp,0.4137,0.8049,1998,1998-11-10 00:00:00.000001
Peninsula,I-Ipp,1.017,0.8302,1999,1999-03-29 23:59:59.999997
Peninsula,I-Ipp,2.018,0.8797,1999,1999-08-17 00:00:00.000000
Peninsula,I-Ipp,1.5218,0.9311,2000,2000-01-03 21:47:50.136984
Peninsula,I-Ipp,0.4544,0.9761,2000,2000-05-22 23:59:59.999998
Peninsula,I-Ipp,0.4574,1.0187,2000,2000-10-09 23:59:59.999999
Peninsula,I-Ipp,0.7686,1.0663,2001,2001-02-27 00:25:34.426228
Peninsula,I-Ipp,1.1038,1.1219,2001,2001-07-17 00:00:00.000003
Peninsula,I-Ipp,1.5129,1.1822,2001,2001-12-03 23:59:59.999999
Peninsula,I-Ipp,1.749,1.2413,2002,2002-04-23 00:00:00.000003
Peninsula,I-Ipp,1.4298,1.2953,2002,2002-09-09 23:59:59.999999
Peninsula,I-Ipp,0.5892,1.344,2003,2003-01-28 00:00:00.000002
Peninsula,I-Ipp,1.3448,1.3888,2003,2003-06-16 23:59:59.999998
Peninsula,I-Ipp,1.5568,1.4306,2003,2003-11-03 23:36:23.606560
Peninsula,I-Ipp,1.9684,1.4687,2004,2004-03-23 00:00:00.000003
Peninsula,I-Ipp,1.7412,1.5031,2004,2004-08-10 00:00:00.000003
Peninsula,I-Ipp,0.594,1.5356,2004,2004-12-28 02:10:11.506853
Peninsula,I-Ipp,2.2085,1.569,2005,2005-05-17 00:00:00.000001
Peninsula,I-Ipp,1.6025,1.6043,2005,2005-10-03 23:59:59.999997
Peninsula,I-Ipp,0.8323,1.6371,2006,2006-02-21 00:00:00.000000
Peninsula,I-Ipp,2.2051,1.6574,2006,2006-07-10 23:59:59.999996
Peninsula,I-Ipp,1.7041,1.6523,2006,2006-11-28 00:00:00.000000
Peninsula,I-Ipp,2.3692,1.612,2007,2007-04-17 00:00:00.000003
Peninsula,I-Ipp,2.173,1.5355,2007,2007-09-03 23:59:59.999999
Peninsula,I-Ipp,1.0176,1.4327,2008,2008-01-21 22:23:20.547944
Peninsula,I-Ipp,1.1554,1.3207,2008,2008-06-10 00:00:00.000001
Peninsula,I-Ipp,0.7778,1.2168,2008,2008-10-28 00:09:51.780823
Peninsula,I-Ipp,0.829,1.1316,2009,2009-03-16 23:59:59.999999
Peninsula,I-Ipp,1.4502,1.0658,2009,2009-08-04 00:00:00.000002
Peninsula,I-Ipp,0.5438,1.0119,2009,2009-12-21 23:59:59.999998
Peninsula,I-Ipp,1.2286,0.9593,2010,2010-05-11 00:00:00.000001
Peninsula,I-Ipp,1.5865,0.9006,2010,2010-09-27 23:59:59.999998
Peninsula,I-Ipp,0.6493,0.8341,2011,2011-02-15 00:00:00.000001
Peninsula,I-Ipp,0.3519,0.7643,2011,2011-07-04 23:59:59.999997
Peninsula,I-Ipp,0.878,0.6984,2011,2011-11-21 23:00:59.016390
Peninsula,I-Ipp,0.3698,0.6422,2012,2012-04-09 23:59:59.999999
Peninsula,I-Ipp,0.4835,0.5983,2012,2012-08-27 23:59:59.999999
Peninsula,I-Ipp,0.7032,0.5646,2013,2013-01-15 01:50:09.836063
Peninsula,I-Ipp,0.4565,0.5367,2013,2013-06-04 00:00:00.000000
Peninsula,I-Ipp,0.683,0.5088,2013,2013-10-22 00:00:00.000003
Peninsula,I-Ipp,0.3468,0.4766,2014,2014-03-10 23:59:59.999999
Peninsula,I-Ipp,0.5026,0.4374,2014,2014-07-29 00:00:00.000003
Peninsula,I-Ipp,0.623,0.3919,2014,2014-12-15 23:59:59.999999
Peninsula,I-Ipp,0.4278,0.344,2015,2015-05-05 00:00:00.000002
Peninsula,I-Ipp,0.0653,0.3,2015,2015-09-21 23:59:59.999998
Peninsula,I-Ipp,0.1173,0.2672,2016,2016-02-08 22:58:50.958904
Peninsula,I-Ipp,0.0659,0.2512,2016,2016-06-27 23:59:59.999997
Peninsula,I-Ipp,0.2611,0.2539,2016,2016-11-15 00:45:22.191783
Peninsula,I-Ipp,0.0562,0.2727,2017,2017-04-03 23:59:59.999998
Peninsula,I-Ipp,0.3745,0.3008,2017,2017-08-22 00:00:00.000001
Peninsula,I-Ipp,0.3274,0.3288,2018,2018-01-08 23:59:59.999997
Peninsula,I-Ipp,0.4728,0.3475,2018,2018-05-29 00:00:00.000000
Peninsula,I-Ipp,0.6713,0.3509,2018,2018-10-15 23:59:59.999996
Peninsula,I-Ipp,0.3956,0.3383,2019,2019-03-05 00:00:00.000000
Peninsula,I-Ipp,0.48,0.3152,2019,2019-07-23 00:00:00.000003
Peninsula,I-Ipp,0.0767,0.2927,2019,2019-12-09 22:25:34.426227
Peninsula,I-Ipp,0.1317,0.2837,2020,2020-04-28 00:00:00.000002
Peninsula,I-Ipp,0.0235,0.2993,2020,2020-09-15 00:00:00.000002
Peninsula,I-Ipp,0.0839,0.3444,2021,2021-02-02 01:14:45.245900
Peninsula,I-Ipp,0.1533,0.416,2021,2021-06-21 23:59:59.999999
Peninsula,I-Ipp,0.5736,0.5037,2021,2021-11-09 00:00:00.000002
Peninsula,I-Ipp,0.7348,0.5932,2022,2022-03-28 23:59:59.999998
Peninsula,I-Ipp,1.0036,0.671,2022,2022-08-16 00:00:00.000001
Peninsula,I-Ipp,0.9628,0.7282,2023,2023-01-02 23:59:59.999997
Peninsula,I-Ipp,0.8937,0.7631,2023,2023-05-23 00:00:00.000001
Peninsula,I-Ipp,0.6293,0.7795,2023,2023-10-09 23:59:59.999997
Peninsula,I-Ipp,0.7578,0.7847,2024,2024-02-26 23:34:21.369864
Peninsula,I-Ipp,0.7989,0.7852,2024,2024-07-16 00:00:00.000000
Peninsula,Hp-I,0.0,0.276,1995,1995-05-29 23:59:59.999999
Peninsula,Hp-I,0.4083,0.2975,1995,1995-10-17 00:00:00.000002
Peninsula,Hp-I,0.4052,0.3394,1996,1996-03-04 23:48:09.863014
Peninsula,Hp-I,-0.12,0.3993,1996,1996-07-23 00:00:00.000000
Peninsula,Hp-I,0.6654,0.4745,1996,1996-12-10 01:34:41.095893
Peninsula,Hp-I,0.6056,0.5615,1997,1997-04-29 00:00:00.000002
Peninsula,Hp-I,0.6407,0.6571,1997,1997-09-15 23:59:59.999998
Peninsula,Hp-I,0.5425,0.7586,1998,1998-02-03 00:00:00.000002
Peninsula,Hp-I,0.9883,0.8634,1998,1998-06-22 23:59:59.999998
Peninsula,Hp-I,1.0216,0.9691,1998,1998-11-10 00:00:00.000001
Peninsula,Hp-I,1.0313,1.0734,1999,1999-03-29 23:59:59.999997
Peninsula,Hp-I,1.1837,1.1738,1999,1999-08-17 00:00:00.000000
Peninsula,Hp-I,1.2645,1.2684,2000,2000-01-03 21:47:50.136984
Peninsula,Hp-I,1.4976,1.3556,2000,2000-05-22 23:59:59.999998
Peninsula,Hp-I,1.6112,1.4354,2000,2000-10-09 23:59:59.999999
Peninsula,Hp-I,1.3313,1.5083,2001,2001-02-27 00:25:34.426228
Peninsula,Hp-I,1.672,1.5756,2001,2001-07-17 00:00:00.000003
Peninsula,Hp-I,1.4737,1.6376,2001,2001-12-03 23:59:59.999999
Peninsula,Hp-I,1.75,1.694,2002,2002-04-23 00:00:00.000003
Peninsula,Hp-I,2.0583,1.7442,2002,2002-09-09 23:59:59.999999
Peninsula,Hp-I,1.6938,1.7884,2003,2003-01-28 00:00:00.000002
Peninsula,Hp-I,1.8881,1.8286,2003,2003-06-16 23:59:59.999998
Peninsula,Hp-I,1.7778,1.868,2003,2003-11-03 23:36:23.606560
Peninsula,Hp-I,1.7582,1.9095,2004,2004-03-23 00:00:00.000003
Peninsula,Hp-I,2.0739,1.9549,2004,2004-08-10 00:00:00.000003
Peninsula,Hp-I,1.9032,2.0031,2004,2004-12-28 02:10:11.506853
Peninsula,Hp-I,2.0212,2.0502,2005,2005-05-17 00:00:00.000001
Peninsula,Hp-I,2.1672,2.0908,2005,2005-10-03 23:59:59.999997
Peninsula,Hp-I,2.2705,2.1187,2006,2006-02-21 00:00:00.000000
Peninsula,Hp-I,2.304,2.1295,2006,2006-07-10 23:59:59.999996
Peninsula,Hp-I,2.2474,2.1217,2006,2006-11-28 00:00:00.000000
Peninsula,Hp-I,2.2346,2.0972,2007,2007-04-17 00:00:00.000003
Peninsula,Hp-I,1.944,2.0608,2007,2007-09-03 23:59:59.999999
Peninsula,Hp-I,1.9812,2.0187,2008,2008-01-21 22:23:20.547944
Peninsula,Hp-I,1.9507,1.9769,2008,2008-06-10 00:00:00.000001
Peninsula,Hp-I,1.9472,1.941,2008,2008-10-28 00:09:51.780823
Peninsula,Hp-I,1.8432,1.9153,2009,2009-03-16 23:59:59.999999
Peninsula,Hp-I,1.9276,1.9032,2009,2009-08-04 00:00:00.000002
Peninsula,Hp-I,1.5903,1.906,2009,2009-12-21 23:59:59.999998
Peninsula,Hp-I,1.8649,1.9218,2010,2010-05-11 00:00:00.000001
Peninsula,Hp-I,1.7968,1.9452,2010,2010-09-27 23:59:59.999998
Peninsula,Hp-I,2.2224,1.9682,2011,2011-02-15 00:00:00.000001
Peninsula,Hp-I,2.1484,1.9822,2011,2011-07-04 23:59:59.999997
Peninsula,Hp-I,2.1317,1.9813,2011,2011-11-21 23:00:59.016390
Peninsula,Hp-I,2.046,1.9634,2012,2012-04-09 23:59:59.999999
Peninsula,Hp-I,1.9727,1.9312,2012,2012-08-27 23:59:59.999999
Peninsula,Hp-I,1.7942,1.8903,2013,2013-01-15 01:50:09.836063
Peninsula,Hp-I,1.9089,1.8479,2013,2013-06-04 00:00:00.000000
Peninsula,Hp-I,1.7475,1.8109,2013,2013-10-22 00:00:00.000003
Peninsula,Hp-I,1.5986,1.785,2014,2014-03-10 23:59:59.999999
Peninsula,Hp-I,1.7511,1.7747,2014,2014-07-29 00:00:00.000003
Peninsula,Hp-I,1.6583,1.7819,2014,2014-12-15 23:59:59.999999
Peninsula,Hp-I,1.7593,1.8062,2015,2015-05-05 00:00:00.000002
Peninsula,Hp-I,1.6927,1.8442,2015,2015-09-21 23:59:59.999998
Peninsula,Hp-I,1.7728,1.8895,2016,2016-02-08 22:58:50.958904
Peninsula,Hp-I,2.0745,1.9334,2016,2016-06-27 23:59:59.999997
Peninsula,Hp-I,2.205,1.9675,2016,2016-11-15 00:45:22.191783
Peninsula,Hp-I,2.1409,1.9855,2017,2017-04-03 23:59:59.999998
Peninsula,Hp-I,2.1314,1.9856,2017,2017-08-22 00:00:00.000001
Peninsula,Hp-I,1.9615,1.9703,2018,2018-01-08 23:59:59.999997
Peninsula,Hp-I,1.884,1.9457,2018,2018-05-29 00:00:00.000000
Peninsula,Hp-I,1.9412,1.9188,2018,2018-10-15 23:59:59.999996
Peninsula,Hp-I,1.7298,1.896,2019,2019-03-05 00:00:00.000000
Peninsula,Hp-I,1.9087,1.8821,2019,2019-07-23 00:00:00.000003
Peninsula,Hp-I,1.7823,1.8795,2019,2019-12-09 22:25:34.426227
Peninsula,Hp-I,1.8426,1.8889,2020,2020-04-28 00:00:00.000002
Peninsula,Hp-I,1.8345,1.909,2020,2020-09-15 00:00:00.000002
Peninsula,Hp-I,1.849,1.9371,2021,2021-02-02 01:14:45.245900
Peninsula,Hp-I,2.0432,1.9692,2021,2021-06-21 23:59:59.999999
Peninsula,Hp-I,2.0053,2.0009,2021,2021-11-09 00:00:00.000002
Peninsula,Hp-I,2.1166,2.0286,2022,2022-03-28 23:59:59.999998
Peninsula,Hp-I,2.1568,2.05,2022,2022-08-16 00:00:00.000001
Peninsula,Hp-I,2.0745,2.0651,2023,2023-01-02 23:59:59.999997
Peninsula,Hp-I,2.0568,2.0751,2023,2023-05-23 00:00:00.000001
Peninsula,Hp-I,2.0076,2.0814,2023,2023-10-09 23:59:59.999997
Peninsula,Hp-I,2.0881,2.0854,2024,2024-02-26 23:34:21.369864
Peninsula,Hp-I,2.1554,2.0873,2024,2024-07-16 00:00:00.000000
West,Ep-F,0.0,-0.0065,1995,1995-05-29 23:59:59.999999
West,Ep-F,0.1192,-0.0118,1995,1995-10-17 00:00:00.000002
West,Ep-F,-0.0572,-0.0209,1996,1996-03-04 23:48:09.863014
West,Ep-F,-0.0735,-0.0319,1996,1996-07-23 00:00:00.000000
West,Ep-F,-0.0819,-0.0429,1996,1996-12-10 01:34:41.095893
West,Ep-F,-0.0915,-0.053,1997,1997-04-29 00:00:00.000002
West,Ep-F,-0.0056,-0.0629,1997,1997-09-15 23:59:59.999998
West,Ep-F,-0.1011,-0.074,1998,1998-02-03 00:00:00.000002
West,Ep-F,-0.0162,-0.0878,1998,1998-06-22 23:59:59.999998
West,Ep-F,-0.018,-0.105,1998,1998-11-10 00:00:00.000001
West,Ep-F,-0.1794,-0.1256,1999,1999-03-29 23:59:59.999997
West,Ep-F,-0.1414,-0.1483,1999,1999-08-17 00:00:00.000000
West,Ep-F,-0.1969,-0.1716,2000,2000-01-03 21:47:50.136984
West,Ep-F,-0.2259,-0.1945,2000,2000-05-22 23:59:59.999998
West,Ep-F,-0.1757,-0.2161,2000,2000-10-09 23:59:59.999999
West,Ep-F,-0.2641,-0.2358,2001,2001-02-27 00:25:34.426228
West,Ep-F,-0.2369,-0.253,2001,2001-07-17 00:00:00.000003
West,Ep-F,-0.2921,-0.2671,2001,2001-12-03 23:59:59.999999
West,Ep-F,-0.3225,-0.2775,2002,2002-04-23 00:00:00.000003
West,Ep-F,-0.3279,-0.284,2002,2002-09-09 23:59:59.999999
West,Ep-F,-0.3408,-0.287,2003,2003-01-28 00:00:00.000002
West,Ep-F,-0.2074,-0.2873,2003,2003-06-16 23:59:59.999998
West,Ep-F,-0.2548,-0.2857,2003,2003-11-03 23:36:23.606560
West,Ep-F,-0.3241,-0.2824,2004,2004-03-23 00:00:00.000003
West,Ep-F,-0.3013,-0.2775,2004,2004-08-10 00:00:00.000003
West,Ep-F,-0.3333,-0.2712,2004,2004-12-28 02:10:11.506853
West,Ep-F,-0.2566,-0.264,2005,2005-05-17 00:00:00.000001
West,Ep-F,-0.1949,-0.257,2005,2005-10-03 23:59:59.999997
West,Ep-F,-0.2448,-0.2515,2006,2006-02-21 00:00:00.000000
West,Ep-F,-0.204,-0.2482,2006,2006-07-10 23:59:59.999996
West,Ep-F,-0.2492,-0.2473,2006,2006-11-28 00:00:00.000000
West,Ep-F,-0.2867,-0.2484,2007,2007-04-17 00:00:00.000003
West,Ep-F,-0.2203,-0.251,2007,2007-09-03 23:59:59.999999
West,Ep-F,-0.2921,-0.255,2008,2008-01-21 22:23:20.547944
West,Ep-F,-0.2099,-0.2604,2008,2008-06-10 00:00:00.000001
West,Ep-F,-0.2186,-0.2676,2008,2008-10-28 00:09:51.780823
West,Ep-F,-0.3243,-0.2771,2009,2009-03-16 23:59:59.999999
West,Ep-F,-0.285,-0.2892,2009,2009-08-04 00:00:00.000002
West,Ep-F,-0.3032,-0.3042,2009,2009-12-21 23:59:59.999998
West,Ep-F,-0.2457,-0.3216,2010,2010-05-11 00:00:00.000001
West,Ep-F,-0.2424,-0.3401,2010,2010-09-27 23:59:59.999998
West,Ep-F,-0.4858,-0.3575,2011,2011-02-15 00:00:00.000001
West,Ep-F,-0.4338,-0.3717,2011,2011-07-04 23:59:59.999997
West,Ep-F,-0.4295,-0.3808,2011,2011-11-21 23:00:59.016390
West,Ep-F,-0.4171,-0.3846,2012,2012-04-09 23:59:59.999999
West,Ep-F,-0.3661,-0.3841,2012,2012-08-27 23:59:59.999999
West,Ep-F,-0.3804,-0.3812,2013,2013-01-15 01:50:09.836063
West,Ep-F,-0.3324,-0.3776,2013,2013-06-04 00:00:00.000000
West,Ep-F,-0.3633,-0.3744,2013,2013-10-22 00:00:00.000003
West,Ep-F,-0.4092,-0.3716,2014,2014-03-10 23:59:59.999999
West,Ep-F,-0.3426,-0.3687,2014,2014-07-29 00:00:00.000003
West,Ep-F,-0.3938,-0.3646,2014,2014-12-15 23:59:59.999999
West,Ep-F,-0.384,-0.3585,2015,2015-05-05 00:00:00.000002
West,Ep-F,-0.345,-0.35,2015,2015-09-21 23:59:59.999998
West,Ep-F,-0.382,-0.3393,2016,2016-02-08 22:58:50.958904
West,Ep-F,-0.3193,-0.3273,2016,2016-06-27 23:59:59.999997
West,Ep-F,-0.3162,-0.3152,2016,2016-11-15 00:45:22.191783
West,Ep-F,-0.2731,-0.3042,2017,2017-04-03 23:59:59.999998
West,Ep-F,-0.2421,-0.2952,2017,2017-08-22 00:00:00.000001
West,Ep-F,-0.3074,-0.2883,2018,2018-01-08 23:59:59.999997
West,Ep-F,-0.2818,-0.2832,2018,2018-05-29 00:00:00.000000
West,Ep-F,-0.2624,-0.2789,2018,2018-10-15 23:59:59.999996
West,Ep-F,-0.3084,-0.2746,2019,2019-03-05 00:00:00.000000
West,Ep-F,-0.269,-0.2698,2019,2019-07-23 00:00:00.000003
West,Ep-F,-0.2865,-0.2645,2019,2019-12-09 22:25:34.426227
West,Ep-F,-0.2641,-0.2594,2020,2020-04-28 00:00:00.000002
West,Ep-F,-0.1929,-0.2554,2020,2020-09-15 00:00:00.000002
West,Ep-F,-0.2698,-0.2533,2021,2021-02-02 01:14:45.245900
West,Ep-F,-0.2251,-0.2536,2021,2021-06-21 23:59:59.999999
West,Ep-F,-0.2177,-0.2562,2021,2021-11-09 00:00:00.000002
West,Ep-F,-0.2958,-0.2602,2022,2022-03-28 23:59:59.999998
West,Ep-F,-0.2494,-0.2646,2022,2022-08-16 00:00:00.000001
West,Ep-F,-0.2956,-0.2682,2023,2023-01-02 23:59:59.999997
West,Ep-F,-0.2906,-0.2704,2023,2023-05-23 00:00:00.000001
West,Ep-F,-0.2656,-0.2711,2023,2023-10-09 23:59:59.999997
West,Ep-F,-0.3333,-0.2709,2024,2024-02-26 23:34:21.369864
West,Ep-F,-0.2042,-0.2706,2024,2024-07-16 00:00:00.000000
