Basin,Mean dH,dh_median_smooth,Smooth dH,std_dh,error_dh,time,Dates,dates
All,0,0.0589730689790822,0.136597871977003,9.15858368741954,0.0492155193517364,1997.32328767123,1997,1997-04-29 00:00:00.000002
All,0.0589730689790822,0.0589730689790822,0.146914645916559,9.88559334712207,0.052735353652847,1997.70684931507,1997,1997-09-15 23:59:59.999998
All,0.22093105473348,0.162085132576969,0.165197579454684,8.30675701786634,0.0443268244503102,1998.0904109589,1998,1998-02-03 00:00:00.000002
All,0.306602828755401,0.22093105473348,0.187844157402829,9.63762124772986,0.0504242067046403,1998.47397260274,1998,1998-06-22 23:59:59.999998
All,0.162085132576969,0.242376651404566,0.211503409412339,8.74612320862986,0.0457467260621727,1998.85753424658,1998,1998-11-10 00:00:00.000001
All,0.262971459590585,0.262971459590585,0.234186570330388,7.85202304201518,0.0412938495141591,1999.24109589041,1999,1999-03-29 23:59:59.999997
All,0.242376651404566,0.262971459590585,0.255475757350154,8.75167563133087,0.0458158958811481,1999.62465753425,1999,1999-08-17 00:00:00.000000
All,0.270766200831401,0.270766200831401,0.276106559563998,7.48591512410411,0.0395736879144811,2000.00794595404,2000,2000-01-03 21:47:50.136984
All,0.300723592420021,0.300547745699579,0.297329307293735,8.05718648247316,0.0420948910943337,2000.39071038251,2000,2000-05-22 23:59:59.999998
All,0.300547745699579,0.300723592420021,0.320342769261765,7.98281443712113,0.0417662278808682,2000.77322404372,2000,2000-10-09 23:59:59.999999
All,0.327613001491461,0.327613001491461,0.34589547859727,6.56086482606374,0.0346771853961764,2001.1562130399,2001,2001-02-27 00:25:34.426228
All,0.362651172152123,0.335551295475157,0.37394871989806,7.56012638990071,0.0425371110873241,2001.5397260274,2001,2001-07-17 00:00:00.000003
All,0.335551295475157,0.362651172152123,0.403468112887376,6.80430579366099,0.0353734233932176,2001.92328767123,2001,2001-12-03 23:59:59.999999
All,0.426437825813367,0.426437825813367,0.432528977078376,6.87022772785961,0.0363804682932896,2002.30684931507,2002,2002-04-23 00:00:00.000003
All,0.553039113888518,0.426437825813367,0.458794117511489,6.72513365350169,0.0380912787301954,2002.6904109589,2002,2002-09-09 23:59:59.999999
All,0.656412808782199,0.553039113888518,0.480188330259831,7.23315838541106,0.0377835565636135,2003.07397260274,2003,2003-01-28 00:00:00.000002
All,0.336846849072021,0.579160305224968,0.495431505586857,5.89438994557454,0.034791059346142,2003.45753424658,2003,2003-06-16 23:59:59.999998
All,0.579160305224968,0.579160305224968,0.5041209804638,7.27517557367829,0.0375643376666988,2003.84105097687,2003,2003-11-03 23:36:23.606560
All,0.581298419283193,0.525741098765477,0.506411031509808,7.2213330085591,0.0372199048796394,2004.22404371585,2004,2004-03-23 00:00:00.000003
All,0.474173218933601,0.536114558206128,0.502592837952167,6.70661584875285,0.0348138538949839,2004.60655737705,2004,2004-08-10 00:00:00.000003
All,0.525741098765477,0.525741098765477,0.492809925719276,7.17653264220522,0.0371059905643275,2004.98931806273,2004,2004-12-28 02:10:11.506853
All,0.536114558206128,0.503613319507941,0.47705000642027,7.17365942900705,0.037258851320321,2005.37260273973,2005,2005-05-17 00:00:00.000001
All,0.441377483974343,0.503613319507941,0.455305354904414,6.73735265575721,0.0347943231682362,2005.75616438356,2005,2005-10-03 23:59:59.999997
All,0.503613319507941,0.441377483974343,0.427796511452248,6.52961412921006,0.0335744982261329,2006.1397260274,2006,2006-02-21 00:00:00.000000
All,0.410307773513005,0.410307773513005,0.395129632364762,6.69351801184683,0.0349351203833683,2006.52328767123,2006,2006-07-10 23:59:59.999996
All,0.329584865356289,0.383188526878115,0.35839523154557,6.09965860235405,0.0313190357127604,2006.90684931507,2006,2006-11-28 00:00:00.000000
All,0.383188526878115,0.329584865356289,0.319152892319883,6.05682791479032,0.0313316802544504,2007.2904109589,2007,2007-04-17 00:00:00.000003
All,0.265446494430579,0.265446494430579,0.279352488455634,5.74020488292677,0.0300172464933126,2007.67397260274,2007,2007-09-03 23:59:59.999999
All,0.191458900542269,0.191458900542269,0.241207837593061,5.1996043838458,0.0268750193211104,2008.05719365222,2008,2008-01-21 22:23:20.547944
All,0.160944769463061,0.180808400663748,0.207099829684791,5.17299926984427,0.027059669763971,2008.43989071038,2008,2008-06-10 00:00:00.000001
All,0.180808400663748,0.160944769463061,0.179384786769158,5.23567504587901,0.0270940480556483,2008.82242308556,2008,2008-10-28 00:09:51.780823
All,0.152263699424005,0.152263699424005,0.160057842976021,4.68660220477113,0.0242640297017499,2009.20547945205,2009,2009-03-16 23:59:59.999999
All,0.0512133454263018,0.0512133454263018,0.150038905417034,4.6466662481351,0.0241918730046703,2009.58904109589,2009,2009-08-04 00:00:00.000002
All,0.0108680677477484,0.0512133454263018,0.148334855873371,4.21998014317763,0.0218704670090842,2009.97260273973,2009,2009-12-21 23:59:59.999998
All,0.029686825105768,0.0512133454263018,0.151590999945408,4.21826166511429,0.0219790579609762,2010.35616438356,2010,2010-05-11 00:00:00.000001
All,0.348977929787723,0.207471134107574,0.154573120144781,2.84413478692555,0.0156176872273073,2010.7397260274,2010,2010-09-27 23:59:59.999998
All,0.307813077551982,0.207471134107574,0.151668112825234,2.76410711146564,0.0120905271394302,2011.12328767123,2011,2011-02-15 00:00:00.000001
All,0.207471134107574,0.207471134107574,0.138803278139517,2.62077813721486,0.0113289180339455,2011.50684931507,2011,2011-07-04 23:59:59.999997
All,0.140202125967157,0.167030161955613,0.114757450320124,2.39653972703636,0.0103774511429106,2011.89029867505,2011,2011-11-21 23:00:59.016390
All,0.167030161955613,0.140202125967157,0.0812699004244183,2.48499054350284,0.0107946183483838,2012.27322404372,2012,2012-04-09 23:59:59.999999
All,-0.026435318313613,-0.026435318313613,0.0419996717778352,2.18429800367934,0.00940529715226218,2012.65573770492,2012,2012-08-27 23:59:59.999999
All,-0.0387697403533009,-0.0387697403533009,0.000952118465690155,2.1258173898742,0.00915416631100258,2013.03856576091,2013,2013-01-15 01:50:09.836063
All,-0.0744754845139049,-0.0744754845139049,-0.038820096522806,2.02766006765416,0.00878079399723058,2013.42191780822,2013,2013-06-04 00:00:00.000000
All,-0.095599185917926,-0.0916909624554191,-0.075828875194503,1.93368761007026,0.00842743430345065,2013.80547945205,2013,2013-10-22 00:00:00.000003
All,-0.0916909624554191,-0.095599185917926,-0.110010471041299,1.7408133754303,0.00749703183667319,2014.18904109589,2014,2014-03-10 23:59:59.999999
All,-0.146003561676432,-0.146003561676432,-0.14211913703593,1.79435202299318,0.00774363313354726,2014.57260273973,2014,2014-07-29 00:00:00.000003
All,-0.183856086054404,-0.166249110089993,-0.173025776100528,1.5750465575415,0.0067969541535358,2014.95616438356,2014,2014-12-15 23:59:59.999999
All,-0.166249110089993,-0.183856086054404,-0.203189070333319,1.52112739251427,0.00653163279836175,2015.3397260274,2015,2015-05-05 00:00:00.000002
All,-0.262470193971754,-0.253949758128308,-0.232466191581841,1.43457354085718,0.00618879808163256,2015.72328767123,2015,2015-09-21 23:59:59.999998
All,-0.253949758128308,-0.262470193971754,-0.2602429892638,1.34390982908321,0.00580583545141743,2016.1064413504,2016,2016-02-08 22:58:50.958904
All,-0.302848175599702,-0.302848175599702,-0.28585985621896,1.40954908235412,0.0060669694585157,2016.48907103825,2016,2016-06-27 23:59:59.999997
All,-0.375297923821697,-0.324379262643547,-0.309129557934238,1.33985063878308,0.00583404609634072,2016.87167078374,2016,2016-11-15 00:45:22.191783
All,-0.324379262643547,-0.327265910500954,-0.330762969833546,1.22336528402855,0.00528778461967086,2017.25479452055,2017,2017-04-03 23:59:59.999998
All,-0.363693571520484,-0.351208268848741,-0.352462900420405,1.31936152971649,0.00567626169280141,2017.63835616438,2017,2017-08-22 00:00:00.000001
All,-0.327265910500954,-0.351208268848741,-0.376570939084859,1.26188175008515,0.00544861874131671,2018.02191780822,2018,2018-01-08 23:59:59.999997
All,-0.351208268848741,-0.363693571520484,-0.405283361653266,1.4879162414145,0.0064294588031092,2018.40547945205,2018,2018-05-29 00:00:00.000000
All,-0.389357022087441,-0.389357022087441,-0.43979108897065,1.42914330240897,0.00613569692425912,2018.78904109589,2018,2018-10-15 23:59:59.999996
All,-0.397078261592571,-0.397078261592571,-0.479716862694386,1.15368324456697,0.00498329210027106,2019.17260273973,2019,2019-03-05 00:00:00.000000
All,-0.5414668997777,-0.5414668997777,-0.52317051060408,1.39006271441205,0.00603105234744073,2019.55616438356,2019,2019-07-23 00:00:00.000003
All,-0.634266669671698,-0.634266669671698,-0.567445337190483,1.73137273141334,0.00745126291427469,2019.93954637323,2019,2019-12-09 22:25:34.426227
All,-0.673554594118989,-0.657405323980502,-0.609978651375268,1.63111445273455,0.00707151217567955,2020.32240437158,2020,2020-04-28 00:00:00.000002
All,-0.662224269470106,-0.662224269470106,-0.649114916399254,1.75411887404023,0.00748162873288367,2020.70491803279,2020,2020-09-15 00:00:00.000002
All,-0.657405323980502,-0.673554594118989,-0.684357055155051,1.71927557161247,0.00735856148826652,2021.08781345909,2021,2021-02-02 01:14:45.245900
All,-0.727534864468077,-0.727534864468077,-0.716101183279744,1.87042476763676,0.00799319524887911,2021.47123287671,2021,2021-06-21 23:59:59.999999
All,-0.783134842726305,-0.766154355442947,-0.745195678654841,2.00327874327842,0.00856500994522899,2021.85479452055,2021,2021-11-09 00:00:00.000002
All,-0.766154355442947,-0.783134842726305,-0.772546483056568,2.00130527210002,0.00858162988998597,2022.23835616438,2022,2022-03-28 23:59:59.999998
All,-0.811481648298893,-0.797915128210309,-0.798822694124513,2.29322554796237,0.00974958343284032,2022.62191780822,2022,2022-08-16 00:00:00.000001
All,-0.797915128210309,-0.811481648298893,-0.824201205033734,2.24799895309708,0.00960893920178494,2023.00547945205,2023,2023-01-02 23:59:59.999997
All,-0.828523746014693,-0.828523746014693,-0.848088448865902,2.30948184232352,0.00991915892131812,2023.38904109589,2023,2023-05-23 00:00:00.000001
All,-0.902792177140683,-0.8839267258586,-0.869006659311257,2.46760254907997,0.0105797586465316,2023.77260273973,2023,2023-10-09 23:59:59.999997
All,-0.8839267258586,-0.902792177140683,-0.884829775799916,2.45366178745659,0.0104538993214213,2024.15568904858,2024,2024-02-26 23:34:21.369864
All,-1.0022103382984,-0.902792177140683,-0.893415808597618,3.13743725826502,0.0209102085338211,2024.53825136612,2024,2024-07-16 00:00:00.000000
CE,0,0.0351485205216828,0.164832023458212,13.5829858126468,0.281274896810422,1997.32328767123,1997,1997-04-29 00:00:00.000002
CE,0.0351485205216828,0.0351485205216828,0.178238881249099,15.3584466690087,0.315947870963939,1997.70684931507,1997,1997-09-15 23:59:59.999998
CE,0.273235976843835,0.222756673730621,0.201261370092734,11.9177198115506,0.245478454058881,1998.0904109589,1998,1998-02-03 00:00:00.000002
CE,0.3799003173392,0.273235976843835,0.228009527205159,15.4137715156127,0.30583843216441,1998.47397260274,1998,1998-06-22 23:59:59.999998
CE,0.222756673730621,0.273235976843835,0.253100133914725,13.822064662972,0.276110159628998,1998.85753424658,1998,1998-11-10 00:00:00.000001
CE,0.430449588387966,0.3799003173392,0.273967001064207,10.0295420942399,0.201033603386824,1999.24109589041,1999,1999-03-29 23:59:59.999997
CE,0.225475154900964,0.225475154900964,0.291898659750877,14.050307039282,0.278510723568539,1999.62465753425,1999,1999-08-17 00:00:00.000000
CE,0.388862665802672,0.225475154900964,0.31172524591906,10.3058595779455,0.208167326735411,2000.00794595404,2000,2000-01-03 21:47:50.136984
CE,0.172942013443732,0.212184437067482,0.340488182020427,11.7126489487306,0.234722895151951,2000.39071038251,2000,2000-05-22 23:59:59.999998
CE,0.212184437067482,0.212184437067482,0.385594815787061,10.7900180677851,0.214432357956248,2000.77322404372,2000,2000-10-09 23:59:59.999999
CE,0.20053116021833,0.212184437067482,0.453155265489849,8.46637942226991,0.171186495493971,2001.1562130399,2001,2001-02-27 00:25:34.426228
CE,0.699274097519755,0.369642442508747,0.546593003280013,12.0949594994766,0.267655732670039,2001.5397260274,2001,2001-07-17 00:00:00.000003
CE,0.369642442508747,0.545259963795445,0.665535693130438,9.78014736829131,0.194902556604288,2001.92328767123,2001,2001-12-03 23:59:59.999999
CE,0.545259963795445,0.699274097519755,0.804888781029785,9.82330736121162,0.20255318390457,2002.30684931507,2002,2002-04-23 00:00:00.000003
CE,0.89307488705271,0.89307488705271,0.954518225965422,10.4670447975881,0.21069367833863,2002.6904109589,2002,2002-09-09 23:59:59.999999
CE,1.43425574693276,1.16164643419361,1.10016192262512,11.9606494371954,0.219507651223366,2003.07397260274,2003,2003-01-28 00:00:00.000002
CE,1.16164643419361,1.43425574693276,1.22598450999557,11.8035912444403,0.293353137303908,2003.45753424658,2003,2003-06-16 23:59:59.999998
CE,1.90018941481707,1.43425574693276,1.31819123056411,12.9823744134757,0.233622939623416,2003.84105097687,2003,2003-11-03 23:36:23.606560
CE,1.76708925214401,1.45763291822565,1.36840259470342,13.0227308880073,0.233293877557875,2004.22404371585,2004,2004-03-23 00:00:00.000003
CE,1.37617549901714,1.45763291822565,1.37534603282375,12.8026634796547,0.230239899757319,2004.60655737705,2004,2004-08-10 00:00:00.000003
CE,1.45763291822565,1.44785951874562,1.34422250961566,11.4421229154252,0.206206221499005,2004.98931806273,2004,2004-12-28 02:10:11.506853
CE,1.44785951874562,1.37617549901714,1.28428725286102,12.5878358348133,0.226230207782923,2005.37260273973,2005,2005-05-17 00:00:00.000001
CE,1.21654674170235,1.21654674170235,1.20570791223282,12.4050484755821,0.222050411012754,2005.75616438356,2005,2005-10-03 23:59:59.999997
CE,0.875615837007562,1.07933704659149,1.11723707966964,10.066261083547,0.179754662206197,2006.1397260274,2006,2006-02-21 00:00:00.000000
CE,1.07933704659149,1.03733048811944,1.02535173338216,12.2950216885359,0.223103767008384,2006.52328767123,2006,2006-07-10 23:59:59.999996
CE,1.03733048811944,0.971655108491807,0.934843088122849,10.3524298253163,0.184512134709827,2006.90684931507,2006,2006-11-28 00:00:00.000000
CE,0.971655108491807,0.971655108491807,0.849901318795783,10.4954908909148,0.188901080169416,2007.2904109589,2007,2007-04-17 00:00:00.000003
CE,0.609351902942476,0.609351902942476,0.774628667793797,9.63607053023752,0.175143393292405,2007.67397260274,2007,2007-09-03 23:59:59.999999
CE,0.427567983567917,0.609351902942476,0.71225569634825,8.23832652198804,0.148589140107444,2008.05719365222,2008,2008-01-21 22:23:20.547944
CE,0.418789216965516,0.609351902942476,0.663764330431146,8.35569193630928,0.151871474418849,2008.43989071038,2008,2008-06-10 00:00:00.000001
CE,0.838369101046273,0.427567983567917,0.627032865665588,8.71393753147705,0.156582722391072,2008.82242308556,2008,2008-10-28 00:09:51.780823
CE,0.694002249123575,0.694002249123575,0.597552511009763,7.70313140100629,0.139094647484986,2009.20547945205,2009,2009-03-16 23:59:59.999999
CE,0.391026699844396,0.694002249123575,0.570209629655234,6.90413901344115,0.1250963325675,2009.58904109589,2009,2009-08-04 00:00:00.000002
CE,0.763945282890826,0.574771685570018,0.541192434806012,6.99988734287406,0.125539585230842,2009.97260273973,2009,2009-12-21 23:59:59.999998
CE,0.574771685570018,0.474596570668696,0.508887815744622,6.60708343861205,0.119167508612488,2010.35616438356,2010,2010-05-11 00:00:00.000001
CE,0.288106195486112,0.474596570668696,0.473480797794802,3.25164518897768,0.0551126303216556,2010.7397260274,2010,2010-09-27 23:59:59.999998
CE,0.474596570668696,0.411574408768051,0.435853599618785,3.67905990090729,0.047747796519895,2011.12328767123,2011,2011-02-15 00:00:00.000001
CE,0.411574408768051,0.411574408768051,0.39670415090826,3.59268204394589,0.0456713270505578,2011.50684931507,2011,2011-07-04 23:59:59.999997
CE,0.323367289725334,0.411574408768051,0.356442562059007,3.30413285783566,0.0422877587014456,2011.89029867505,2011,2011-11-21 23:00:59.016390
CE,0.483405961039965,0.323367289725334,0.315764383591367,3.63475460668148,0.0464659551661948,2012.27322404372,2012,2012-04-09 23:59:59.999999
CE,0.240065737185053,0.240065737185053,0.276346047076176,3.21202956788255,0.0407042822959709,2012.65573770492,2012,2012-08-27 23:59:59.999999
CE,0.14174332531846,0.144893752489345,0.240920012890657,3.28377341541894,0.0417612567157614,2013.03856576091,2013,2013-01-15 01:50:09.836063
CE,0.122379531140249,0.14174332531846,0.212605924334363,2.890365544404,0.0368745872599558,2013.42191780822,2013,2013-06-04 00:00:00.000000
CE,0.144893752489345,0.132258461046652,0.193752922756308,3.10635953442178,0.0400196415616237,2013.80547945205,2013,2013-10-22 00:00:00.000003
CE,0.123703110032277,0.132258461046652,0.184964699221642,2.75071618221222,0.035090118816864,2014.18904109589,2014,2014-03-10 23:59:59.999999
CE,0.132258461046652,0.142177129031598,0.18479094282237,2.74672151460583,0.0349228494259407,2014.57260273973,2014,2014-07-29 00:00:00.000003
CE,0.142177129031598,0.142177129031598,0.190268853538362,2.12593034748704,0.0272376154559569,2014.95616438356,2014,2014-12-15 23:59:59.999999
CE,0.315141370931987,0.236102395895917,0.19810337026775,2.5455812293384,0.032163335828877,2015.3397260274,2015,2015-05-05 00:00:00.000002
CE,0.236102395895917,0.236102395895917,0.205854326998298,2.55661922638463,0.0326114247246376,2015.72328767123,2015,2015-09-21 23:59:59.999998
CE,0.27910270731957,0.236102395895917,0.212650289450295,2.03313738744961,0.0260916080110889,2016.1064413504,2016,2016-02-08 22:58:50.958904
CE,0.154847067287877,0.236102395895917,0.218975186833758,2.28469247185936,0.0289340695975467,2016.48907103825,2016,2016-06-27 23:59:59.999997
CE,0.0833942989205706,0.227351521437633,0.225622301266967,2.53176072456951,0.0325603141869436,2016.87167078374,2016,2016-11-15 00:45:22.191783
CE,0.310037917746903,0.227351521437633,0.232453753494116,2.15416440378223,0.0274934998863914,2017.25479452055,2017,2017-04-03 23:59:59.999998
CE,0.227351521437633,0.232545234758988,0.237727982309559,2.5267156021114,0.0320686374623386,2017.63835616438,2017,2017-08-22 00:00:00.000001
CE,0.232545234758988,0.30315140087519,0.238384105108866,2.09095515212179,0.0267019909795895,2018.02191780822,2018,2018-01-08 23:59:59.999997
CE,0.401168535813906,0.256880279846726,0.231245831412555,2.733692358573,0.0347937709635642,2018.40547945205,2018,2018-05-29 00:00:00.000000
CE,0.30315140087519,0.256880279846726,0.214418163719555,2.61055347291565,0.033071486634351,2018.78904109589,2018,2018-10-15 23:59:59.999996
CE,0.256880279846726,0.256880279846726,0.1881586291309,2.01204501312088,0.0258999577266902,2019.17260273973,2019,2019-03-05 00:00:00.000000
CE,0.130570404573645,0.130570404573645,0.154763054852613,2.36444565840443,0.0304009772868347,2019.55616438356,2019,2019-07-23 00:00:00.000003
CE,0.0676711499069875,0.0988962758420444,0.11758055066962,3.06758862642783,0.0388613821977334,2019.93954637323,2019,2019-12-09 22:25:34.426227
CE,-0.00594338239391795,0.0676711499069875,0.079773493739341,2.72999326722526,0.0349941623202983,2020.32240437158,2020,2020-04-28 00:00:00.000002
CE,0.0988962758420444,0.0179854430493188,0.0435331524223212,3.00092001227737,0.0375938267930415,2020.70491803279,2020,2020-09-15 00:00:00.000002
CE,0.0179854430493188,-0.00594338239391795,0.0100442549638412,2.75795073539261,0.0348744659494057,2021.08781345909,2021,2021-02-02 01:14:45.245900
CE,-0.0311562603954268,-0.0311562603954268,-0.0199745601452769,2.96858945243601,0.0372034071497733,2021.47123287671,2021,2021-06-21 23:59:59.999999
CE,-0.0910834605340923,-0.0565856160621989,-0.0457523900447421,3.08254751820486,0.038781086239142,2021.85479452055,2021,2021-11-09 00:00:00.000002
CE,-0.0565856160621989,-0.0910834605340923,-0.0663467614893759,3.20708708246906,0.0404279655238692,2022.23835616438,2022,2022-03-28 23:59:59.999998
CE,-0.185284182173426,-0.0910834605340923,-0.0809758054855067,3.25597860998481,0.0407538948824913,2022.62191780822,2022,2022-08-16 00:00:00.000001
CE,-0.139327221865195,-0.100301963199321,-0.0895503287830816,3.35077734351778,0.042219177288464,2023.00547945205,2023,2023-01-02 23:59:59.999997
CE,-0.0763684990368465,-0.100301963199321,-0.0929355424063807,3.3883571972109,0.0429456825062339,2023.38904109589,2023,2023-05-23 00:00:00.000001
CE,-0.100301963199321,-0.0763684990368465,-0.0928153172323641,3.37326165457996,0.0426585230714568,2023.77260273973,2023,2023-10-09 23:59:59.999997
CE,-0.0754896800913981,-0.0754896800913981,-0.0912179164380561,3.45109237463089,0.0432604964105973,2024.15568904858,2024,2024-02-26 23:34:21.369864
CE,-0.0728029934282557,-0.0754896800913981,-0.0899124233994278,4.7845765005438,0.0998739342398569,2024.53825136612,2024,2024-07-16 00:00:00.000000
CW,0,0.052063638347537,0.0802408126247476,7.45815257259955,0.114308740213972,1997.32328767123,1997,1997-04-29 00:00:00.000002
CW,0.052063638347537,0.052063638347537,0.0821010118845477,6.38926654024677,0.096398528440668,1997.70684931507,1997,1997-09-15 23:59:59.999998
CW,0.274819758558269,0.052063638347537,0.0861425393724202,6.852488631562,0.103001279331798,1998.0904109589,1998,1998-02-03 00:00:00.000002
CW,0.0770090186315535,0.052063638347537,0.0931375874258699,6.39189869796872,0.0952002151227947,1998.47397260274,1998,1998-06-22 23:59:59.999998
CW,-0.0283251641963136,0.0770090186315535,0.104202679626469,6.36132047457475,0.0943998978471532,1998.85753424658,1998,1998-11-10 00:00:00.000001
CW,0.0284314196205351,0.0770090186315535,0.120257444217678,6.18379594822707,0.0923984357960413,1999.24109589041,1999,1999-03-29 23:59:59.999997
CW,0.0882769009717159,0.0882769009717159,0.141319339721308,6.22944481113266,0.0932158970378947,1999.62465753425,1999,1999-08-17 00:00:00.000000
CW,0.247100835434805,0.223780000391872,0.166205842479579,5.99367508951301,0.0900719138046082,2000.00794595404,2000,2000-01-03 21:47:50.136984
CW,0.226408869433342,0.226408869433342,0.192923386193642,6.04727769763177,0.0895917571936173,2000.39071038251,2000,2000-05-22 23:59:59.999998
CW,0.223780000391872,0.242432238816168,0.219365902198098,5.73036216260706,0.0853284387788923,2000.77322404372,2000,2000-10-09 23:59:59.999999
CW,0.242432238816168,0.242432238816168,0.243811392608402,5.36861854018341,0.0815394909736106,2001.1562130399,2001,2001-02-27 00:25:34.426228
CW,0.257143150577521,0.257143150577521,0.264971374493359,5.91120457774128,0.0963883005495284,2001.5397260274,2001,2001-07-17 00:00:00.000003
CW,0.282766255754402,0.282766255754402,0.281722885293366,5.74265669297043,0.0842144036582179,2001.92328767123,2001,2001-12-03 23:59:59.999999
CW,0.365680659821629,0.351121248203734,0.29306796790581,5.2125936653981,0.0784669746123485,2002.30684931507,2002,2002-04-23 00:00:00.000003
CW,0.369664616515661,0.351121248203734,0.298344239783356,5.81289198820261,0.0959008987478769,2002.6904109589,2002,2002-09-09 23:59:59.999999
CW,0.351121248203734,0.351121248203734,0.297545614803906,5.77573538622701,0.0864945118042855,2003.07397260274,2003,2003-01-28 00:00:00.000002
CW,0.235859068560446,0.322842153720923,0.291415901453943,4.99201063749344,0.0890862499931924,2003.45753424658,2003,2003-06-16 23:59:59.999998
CW,0.2967566079678,0.2967566079678,0.281104921511179,5.82956093426256,0.0866424249706175,2003.84105097687,2003,2003-11-03 23:36:23.606560
CW,0.322842153720923,0.240454211054135,0.26758660860787,5.34333914394419,0.0794773764314484,2004.22404371585,2004,2004-03-23 00:00:00.000003
CW,0.186007930805856,0.295760178799642,0.251103941674528,4.86548206232034,0.0726839303954347,2004.60655737705,2004,2004-08-10 00:00:00.000003
CW,0.240454211054135,0.240454211054135,0.230963160011462,5.01072161718151,0.0742512487527724,2004.98931806273,2004,2004-12-28 02:10:11.506853
CW,0.295760178799642,0.240454211054135,0.205881173325327,5.44837797288709,0.0818957800098728,2005.37260273973,2005,2005-05-17 00:00:00.000001
CW,0.141204505916159,0.240454211054135,0.174705593062141,4.37942549305145,0.0649820753139416,2005.75616438356,2005,2005-10-03 23:59:59.999997
CW,0.351251318043894,0.141204505916159,0.137226780699017,5.5963308974839,0.0824327961080303,2006.1397260274,2006,2006-02-21 00:00:00.000000
CW,0.0677956580906318,0.0677956580906318,0.0945290628675392,4.44915629459681,0.0669140636183356,2006.52328767123,2006,2006-07-10 23:59:59.999996
CW,-0.0463594456539889,-0.0318358900373847,0.048706054772731,4.16873760088645,0.061384667848636,2006.90684931507,2006,2006-11-28 00:00:00.000000
CW,-0.0345091838734128,-0.0345091838734128,0.00207460071214427,4.0070226324147,0.0598196352576165,2007.2904109589,2007,2007-04-17 00:00:00.000003
CW,-0.0318358900373847,-0.0463594456539889,-0.043525104361692,4.7412036576341,0.0711136104027465,2007.67397260274,2007,2007-09-03 23:59:59.999999
CW,-0.0584406966515549,-0.0584406966515549,-0.0868600773695182,3.83997133104218,0.0571667412779412,2008.05719365222,2008,2008-01-21 22:23:20.547944
CW,-0.161221682800538,-0.131610358942696,-0.126787532133536,3.82083472993537,0.0580381818880581,2008.43989071038,2008,2008-06-10 00:00:00.000001
CW,-0.163782219787161,-0.161221682800538,-0.16167716036225,4.00092690564362,0.0597286339867162,2008.82242308556,2008,2008-10-28 00:09:51.780823
CW,-0.131610358942696,-0.163782219787161,-0.18943776198449,3.77840111730647,0.056318820997887,2009.20547945205,2009,2009-03-16 23:59:59.999999
CW,-0.39265808291035,-0.363535979236514,-0.208504531011722,2.91828515449034,0.043934933559537,2009.58904109589,2009,2009-08-04 00:00:00.000002
CW,-0.386206597903682,-0.363535979236514,-0.219351829981998,3.2722574493402,0.0489269356184317,2009.97260273973,2009,2009-12-21 23:59:59.999998
CW,-0.363535979236514,-0.363535979236514,-0.225432532633048,3.30780934016762,0.0498048848434914,2010.35616438356,2010,2010-05-11 00:00:00.000001
CW,0.032329692449522,-0.193236652381024,-0.23268072665243,2.86425640859241,0.0478507213758404,2010.7397260274,2010,2010-09-27 23:59:59.999998
CW,-0.0455633936003099,-0.193236652381024,-0.247543869376959,2.76995026658278,0.0331522609767452,2011.12328767123,2011,2011-02-15 00:00:00.000001
CW,-0.193236652381024,-0.193236652381024,-0.274525524417414,2.50706258776074,0.0296201591373858,2011.50684931507,2011,2011-07-04 23:59:59.999997
CW,-0.31450129038833,-0.302686604251836,-0.314711737658166,2.25899853104376,0.0268018314766667,2011.89029867505,2011,2011-11-21 23:00:59.016390
CW,-0.302686604251836,-0.31450129038833,-0.36589486634275,2.30687385639367,0.0275233113472526,2012.27322404372,2012,2012-04-09 23:59:59.999999
CW,-0.49464461633367,-0.49464461633367,-0.424029374911573,1.82425387647817,0.0214440095257705,2012.65573770492,2012,2012-08-27 23:59:59.999999
CW,-0.497229807625529,-0.497229807625529,-0.485033040573373,1.86037953613272,0.0218069801407913,2013.03856576091,2013,2013-01-15 01:50:09.836063
CW,-0.540563521023148,-0.540563521023148,-0.545996808566561,1.64136774212614,0.0196110941263507,2013.42191780822,2013,2013-06-04 00:00:00.000000
CW,-0.655027126524558,-0.617808380397188,-0.605533310478544,1.44117414192075,0.0172413429130257,2013.80547945205,2013,2013-10-22 00:00:00.000003
CW,-0.617808380397188,-0.655027126524558,-0.663404835057211,1.35957951322166,0.0159006991239986,2014.18904109589,2014,2014-03-10 23:59:59.999999
CW,-0.738512962967876,-0.738512962967876,-0.719874226352055,1.21954440306839,0.0144347526256757,2014.57260273973,2014,2014-07-29 00:00:00.000003
CW,-0.786343180409405,-0.786343180409405,-0.775129032171951,1.12242045615211,0.0132898310868369,2014.95616438356,2014,2014-12-15 23:59:59.999999
CW,-0.799107763373079,-0.799107763373079,-0.82889635615834,0.98449658415936,0.0115202940215191,2015.3397260274,2015,2015-05-05 00:00:00.000002
CW,-0.918044849395809,-0.918044849395809,-0.880389425516929,0.899155181154301,0.0105739066105709,2015.72328767123,2015,2015-09-21 23:59:59.999998
CW,-0.938762217356568,-0.938762217356568,-0.928530344781851,0.779757210792978,0.00917551939453367,2016.1064413504,2016,2016-02-08 22:58:50.958904
CW,-0.998798037129952,-0.998798037129952,-0.972479666563872,0.932953999938934,0.010988865101347,2016.48907103825,2016,2016-06-27 23:59:59.999997
CW,-1.10124114390406,-1.03025665782042,-1.0122544556789,0.849142871463648,0.0101746670771234,2016.87167078374,2016,2016-11-15 00:45:22.191783
CW,-1.03025665782042,-1.03146066559243,-1.04922347493859,0.782422304166855,0.00920560537247702,2017.25479452055,2017,2017-04-03 23:59:59.999998
CW,-1.12943471298025,-1.0998127488079,-1.08615294885808,0.911068294094918,0.0107348066295068,2017.63835616438,2017,2017-08-22 00:00:00.000001
CW,-1.03146066559243,-1.0998127488079,-1.12661293962857,0.741929177243364,0.00877239821874159,2018.02191780822,2018,2018-01-08 23:59:59.999997
CW,-1.0998127488079,-1.12943471298025,-1.17377285210545,0.816176063752127,0.00968622782317882,2018.40547945205,2018,2018-05-29 00:00:00.000000
CW,-1.15813563480248,-1.15813563480248,-1.22906237513899,0.873110634913541,0.0102309066770609,2018.78904109589,2018,2018-10-15 23:59:59.999996
CW,-1.16364330963356,-1.16364330963356,-1.29131516779516,0.902616847322308,0.0105941236409533,2019.17260273973,2019,2019-03-05 00:00:00.000000
CW,-1.37537762098612,-1.37537762098612,-1.35694774792838,1.01822820794641,0.0122094628270239,2019.55616438356,2019,2019-07-23 00:00:00.000003
CW,-1.57173086078087,-1.55070973205379,-1.42122130529402,1.24023960452843,0.014749088342521,2019.93954637323,2019,2019-12-09 22:25:34.426227
CW,-1.63092595887202,-1.55070973205379,-1.47992291771051,1.2304673631653,0.0149216085506052,2020.32240437158,2020,2020-04-28 00:00:00.000002
CW,-1.55070973205379,-1.57173086078087,-1.53059190191871,1.16211323901291,0.0135413534251594,2020.70491803279,2020,2020-09-15 00:00:00.000002
CW,-1.50339546767258,-1.59542349169771,-1.57272508819508,1.14818277605318,0.0133527680383228,2021.08781345909,2021,2021-02-02 01:14:45.245900
CW,-1.59542349169771,-1.59542349169771,-1.6071210589709,1.41730342311194,0.0165610805015597,2021.47123287671,2021,2021-06-21 23:59:59.999999
CW,-1.71472407407163,-1.69513562540886,-1.63509322821611,1.66805459970437,0.0193476488117437,2021.85479452055,2021,2021-11-09 00:00:00.000002
CW,-1.75628550885535,-1.69513562540886,-1.6580745240806,1.60010561942835,0.0186716335935568,2022.23835616438,2022,2022-03-28 23:59:59.999998
CW,-1.69513562540886,-1.69513562540886,-1.67753634441001,1.65776581740599,0.0191934818630383,2022.62191780822,2022,2022-08-16 00:00:00.000001
CW,-1.5949011596465,-1.69513562540886,-1.69484703291338,1.72484122050209,0.0200278801088902,2023.00547945205,2023,2023-01-02 23:59:59.999997
CW,-1.68297335567804,-1.69513562540886,-1.71079167891261,1.80485914569766,0.0211228317742321,2023.38904109589,2023,2023-05-23 00:00:00.000001
CW,-1.74325057340196,-1.74325057340196,-1.72507849426243,2.00252253253278,0.0234441773917856,2023.77260273973,2023,2023-10-09 23:59:59.999997
CW,-1.75153874762136,-1.75153874762136,-1.73629749461936,2.00485638379761,0.0232027400756972,2024.15568904858,2024,2024-02-26 23:34:21.369864
CW,-1.83006918361534,-1.75153874762136,-1.74256711490372,2.42110897995792,0.0479545059220087,2024.53825136612,2024,2024-07-16 00:00:00.000000
NO,0,0,0.00246683581338713,6.05033033317192,0.0703621924827859,1997.32328767123,1997,1997-04-29 00:00:00.000002
NO,0.0041915619987527,0,0.00190410766946307,6.20200616148244,0.0721798140921822,1997.70684931507,1997,1997-09-15 23:59:59.999998
NO,-0.0388263778449502,0,0.00078880721692123,6.42902795164213,0.074771305053342,1998.0904109589,1998,1998-02-03 00:00:00.000002
NO,0.107146750639273,-0.0216440415202215,-0.00058364829656175,6.34796112632236,0.0734125937119389,1998.47397260274,1998,1998-06-22 23:59:59.999998
NO,-0.0387181505047973,-0.0216440415202215,-0.00137047007979954,4.88553570678454,0.0564622622927189,1998.85753424658,1998,1998-11-10 00:00:00.000001
NO,-0.0216440415202215,-0.0216440415202215,-0.000230176857861661,4.57654378874266,0.0530330915772379,1999.24109589041,1999,1999-03-29 23:59:59.999997
NO,0.00679509950344659,-0.0216440415202215,0.00411438612762981,5.83481940028683,0.0675098460109994,1999.62465753425,1999,1999-08-17 00:00:00.000000
NO,-0.144140509444188,0.00679509950344659,0.0120535954720996,5.38150869843759,0.0625418669835766,2000.00794595404,2000,2000-01-03 21:47:50.136984
NO,0.0186466477621615,0.0186466477621615,0.022458379316735,5.32504827723594,0.0615047645841737,2000.39071038251,2000,2000-05-22 23:59:59.999998
NO,0.0888138796978901,0.0888138796978901,0.0327838163672894,5.89049533742533,0.0680584286895417,2000.77322404372,2000,2000-10-09 23:59:59.999999
NO,0.138369672152894,0.0888138796978901,0.0399295902128345,4.65839259691254,0.0538623488030259,2001.1562130399,2001,2001-02-27 00:25:34.426228
NO,0.112808683007598,0.095193050755793,0.0414466820088762,5.54488697753548,0.066005882134517,2001.5397260274,2001,2001-07-17 00:00:00.000003
NO,0.0267069146206855,0.095193050755793,0.0364482224136532,3.93332549687758,0.0453667441478439,2001.92328767123,2001,2001-12-03 23:59:59.999999
NO,0.095193050755793,0.0267069146206855,0.0257224429831508,4.4605943528825,0.0517799366112252,2002.30684931507,2002,2002-04-23 00:00:00.000003
NO,-0.0570858357780639,0.00451119387209986,0.0111344704362382,3.46094181324977,0.0425754533079759,2002.6904109589,2002,2002-09-09 23:59:59.999999
NO,0.00451119387209986,-0.0327771201776329,-0.00530812623602346,3.64809365279584,0.0432796697068305,2003.07397260274,2003,2003-01-28 00:00:00.000002
NO,-0.0520110894257927,-0.0346357305365069,-0.0221981097905912,4.65522203730257,0.0566322009870017,2003.45753424658,2003,2003-06-16 23:59:59.999998
NO,-0.0327771201776329,-0.0346357305365069,-0.0389521528681634,3.41895808366757,0.0403967382949624,2003.84105097687,2003,2003-11-03 23:36:23.606560
NO,-0.0346357305365069,-0.035639207536666,-0.0555795728862658,3.75777102278783,0.04427960668764,2004.22404371585,2004,2004-03-23 00:00:00.000003
NO,-0.035639207536666,-0.035639207536666,-0.0721644845045172,3.37909104199905,0.0399201160975504,2004.60655737705,2004,2004-08-10 00:00:00.000003
NO,-0.148049508729015,-0.0481861445325518,-0.0884635108799368,3.68041099192325,0.0435011233479407,2004.98931806273,2004,2004-12-28 02:10:11.506853
NO,-0.0481861445325518,-0.148049508729015,-0.103827087869098,3.72101547925176,0.0440858807197554,2005.37260273973,2005,2005-05-17 00:00:00.000001
NO,-0.156550790203109,-0.148049508729015,-0.117479534388722,2.94896768332785,0.0348411294148015,2005.75616438356,2005,2005-10-03 23:59:59.999997
NO,-0.206368783044275,-0.156550790203109,-0.129052765922133,2.84692491346546,0.0335396881600759,2006.1397260274,2006,2006-02-21 00:00:00.000000
NO,-0.112925621434812,-0.156550790203109,-0.139057263711648,3.17432722136908,0.0376246701802281,2006.52328767123,2006,2006-07-10 23:59:59.999996
NO,-0.178001450751459,-0.114386711369426,-0.14895237699429,2.71494579484437,0.0319959430348059,2006.90684931507,2006,2006-11-28 00:00:00.000000
NO,-0.114386711369426,-0.114386711369426,-0.160709221194919,3.02895102460878,0.0357961022609727,2007.2904109589,2007,2007-04-17 00:00:00.000003
NO,-0.0867030216484074,-0.176587795003791,-0.175931027344267,3.03775124842727,0.0361381063366006,2007.67397260274,2007,2007-09-03 23:59:59.999999
NO,-0.176587795003791,-0.176587795003791,-0.194926537157715,2.63442597875828,0.0311619129012458,2008.05719365222,2008,2008-01-21 22:23:20.547944
NO,-0.187691552454049,-0.187691552454049,-0.216119360148558,2.98873573221179,0.0354647727950672,2008.43989071038,2008,2008-06-10 00:00:00.000001
NO,-0.285694613556156,-0.273936852151854,-0.236193509637281,2.49944183099922,0.0295569519070208,2008.82242308556,2008,2008-10-28 00:09:51.780823
NO,-0.273936852151854,-0.285694613556156,-0.251027278905043,2.82381858268549,0.0333741805160519,2009.20547945205,2009,2009-03-16 23:59:59.999999
NO,-0.347912150953307,-0.347912150953307,-0.257215424541411,2.76750623946086,0.0328142289824213,2009.58904109589,2009,2009-08-04 00:00:00.000002
NO,-0.423327756372884,-0.347912150953307,-0.253596658769923,2.24388593035394,0.0265590479882484,2009.97260273973,2009,2009-12-21 23:59:59.999998
NO,-0.369918431351902,-0.347912150953307,-0.242081407513269,2.58810628798112,0.0306914048898773,2010.35616438356,2010,2010-05-11 00:00:00.000001
NO,-0.0611723379314798,-0.117007784378875,-0.227219649277917,1.57088589201604,0.0206392007412814,2010.7397260274,2010,2010-09-27 23:59:59.999998
NO,-0.109276310253934,-0.117007784378875,-0.214635253865295,1.634369187755,0.0189837698804135,2011.12328767123,2011,2011-02-15 00:00:00.000001
NO,-0.117007784378875,-0.117007784378875,-0.209001728610699,1.74050506619221,0.0201581869155878,2011.50684931507,2011,2011-07-04 23:59:59.999997
NO,-0.17638096939673,-0.17638096939673,-0.212598187656588,1.38762064420754,0.0161090080951653,2011.89029867505,2011,2011-11-21 23:00:59.016390
NO,-0.202652448250895,-0.202652448250895,-0.225062783520188,1.41642465290272,0.0164445044813937,2012.27322404372,2012,2012-04-09 23:59:59.999999
NO,-0.243938307356157,-0.243938307356157,-0.244237570571487,1.35352859042654,0.0156689469941814,2012.65573770492,2012,2012-08-27 23:59:59.999999
NO,-0.284741015633855,-0.284741015633855,-0.267509406783434,1.17347256640016,0.0136064507506285,2013.03856576091,2013,2013-01-15 01:50:09.836063
NO,-0.317029968264416,-0.309060818679191,-0.292928704467264,1.33834118188576,0.0155181074532737,2013.42191780822,2013,2013-06-04 00:00:00.000000
NO,-0.309060818679191,-0.317029968264416,-0.319670321425469,1.17257263251069,0.0136530380207253,2013.80547945205,2013,2013-10-22 00:00:00.000003
NO,-0.335362789257677,-0.335362789257677,-0.347794464173817,1.00794954651388,0.0116958578649304,2014.18904109589,2014,2014-03-10 23:59:59.999999
NO,-0.338259478674254,-0.338259478674254,-0.377550762536046,1.08216919974969,0.0125242340861119,2014.57260273973,2014,2014-07-29 00:00:00.000003
NO,-0.383592737220281,-0.383592737220281,-0.408660988407195,0.967571962019546,0.0112311130820843,2014.95616438356,2014,2014-12-15 23:59:59.999999
NO,-0.406908488367111,-0.406908488367111,-0.439947585077112,0.862256342494126,0.00999184574329361,2015.3397260274,2015,2015-05-05 00:00:00.000002
NO,-0.545577205148715,-0.545577205148715,-0.469532678286015,1.00378323675102,0.0116396801911642,2015.72328767123,2015,2015-09-21 23:59:59.999998
NO,-0.558898535884896,-0.545577205148715,-0.495494403863352,0.676228124585467,0.00785462623743399,2016.1064413504,2016,2016-02-08 22:58:50.958904
NO,-0.553536878789525,-0.553536878789525,-0.516666155086369,0.595297826298771,0.00690156891540552,2016.48907103825,2016,2016-06-27 23:59:59.999997
NO,-0.532894338007906,-0.558898535884896,-0.533150718565107,0.619029962616105,0.00720728637584323,2016.87167078374,2016,2016-11-15 00:45:22.191783
NO,-0.561802369729127,-0.553536878789525,-0.546373461865543,0.880888859354277,0.0102242482821343,2017.25479452055,2017,2017-04-03 23:59:59.999998
NO,-0.572139815213335,-0.555767858341026,-0.558697770751795,0.63337625571681,0.00734007102608612,2017.63835616438,2017,2017-08-22 00:00:00.000001
NO,-0.511458142268438,-0.561802369729127,-0.57278982906781,0.616859805845287,0.0071703651187855,2018.02191780822,2018,2018-01-08 23:59:59.999997
NO,-0.555767858341026,-0.572139815213335,-0.590928699736167,0.637280364976459,0.00738978234428749,2018.40547945205,2018,2018-05-29 00:00:00.000000
NO,-0.579547311844564,-0.579547311844564,-0.614445449081195,0.757850203218262,0.00878434455108951,2018.78904109589,2018,2018-10-15 23:59:59.999996
NO,-0.580184986182769,-0.580184986182769,-0.643410624473361,0.63958711160731,0.00743153506513647,2019.17260273973,2019,2019-03-05 00:00:00.000000
NO,-0.676021028732202,-0.676021028732202,-0.67668370358803,1.05201926517715,0.0121875500229065,2019.55616438356,2019,2019-07-23 00:00:00.000003
NO,-0.730423344268184,-0.730423344268184,-0.712315653489401,0.833249866133675,0.0096648070064637,2019.93954637323,2019,2019-12-09 22:25:34.426227
NO,-0.767860786229009,-0.767860786229009,-0.748154371974251,0.882431748570242,0.0102311357160726,2020.32240437158,2020,2020-04-28 00:00:00.000002
NO,-0.825956131489731,-0.810341136022955,-0.782449562799907,1.21348835534158,0.0140346299733831,2020.70491803279,2020,2020-09-15 00:00:00.000002
NO,-0.810341136022955,-0.825956131489731,-0.814259391590738,1.1123067513133,0.0128920324805674,2021.08781345909,2021,2021-02-02 01:14:45.245900
NO,-0.860275109877985,-0.860275109877985,-0.843525573121685,1.23003584566529,0.0142241078783408,2021.47123287671,2021,2021-06-21 23:59:59.999999
NO,-0.876462212398778,-0.876462212398778,-0.87091392189949,1.20157597770449,0.0139313742065443,2021.85479452055,2021,2021-11-09 00:00:00.000002
NO,-0.891579202706719,-0.891579202706719,-0.897484823681362,1.27204204010678,0.0148586414791696,2022.23835616438,2022,2022-03-28 23:59:59.999998
NO,-0.933170909259339,-0.9100046503568,-0.9242405578392,1.46437185098402,0.0169317003181118,2022.62191780822,2022,2022-08-16 00:00:00.000001
NO,-0.9100046503568,-0.933170909259339,-0.951584495551303,1.39235678203713,0.0161281655976345,2023.00547945205,2023,2023-01-02 23:59:59.999997
NO,-0.970114059968621,-0.970114059968621,-0.978786942457448,1.45704322811596,0.0168604935013344,2023.38904109589,2023,2023-05-23 00:00:00.000001
NO,-0.994445269212329,-0.994445269212329,-1.00373271989773,1.65665501207423,0.0192063841488713,2023.77260273973,2023,2023-10-09 23:59:59.999997
NO,-0.999881936296747,-0.999881936296747,-1.02324178356161,1.66734334833467,0.0193199148199838,2024.15568904858,2024,2024-02-26 23:34:21.369864
NO,-1.21722641308557,-0.999881936296747,-1.03403980823425,2.16250233904181,0.0336782811754856,2024.53825136612,2024,2024-07-16 00:00:00.000000
NE,0,0,0.0886992020566446,10.8969253018791,0.107753117968205,1997.32328767123,1997,1997-04-29 00:00:00.000002
NE,-0.057756199098083,0,0.0968005583099806,11.0570366123728,0.109373799639979,1997.70684931507,1997,1997-09-15 23:59:59.999998
NE,0.195369399570398,0.0179070492698277,0.110310334794924,9.46325371110254,0.0933167166547582,1998.0904109589,1998,1998-02-03 00:00:00.000002
NE,0.312541367439099,0.195369399570398,0.125124297002516,10.6440208115387,0.104113252606016,1998.47397260274,1998,1998-06-22 23:59:59.999998
NE,0.0179070492698277,0.195369399570398,0.137597356623917,9.64990024870003,0.0943577860988784,1998.85753424658,1998,1998-11-10 00:00:00.000001
NE,0.308799565661613,0.135229266452327,0.14601995246255,9.49668541867942,0.0934286026244758,1999.24109589041,1999,1999-03-29 23:59:59.999997
NE,0.135229266452327,0.107219195169996,0.151052770466595,9.49965167258837,0.0929108499987748,1999.62465753425,1999,1999-08-17 00:00:00.000000
NE,0.107219195169996,0.129472321087339,0.155118996122387,8.18894232105585,0.0810905616325204,2000.00794595404,2000,2000-01-03 21:47:50.136984
NE,0.0927986973109784,0.129472321087339,0.161240917535429,8.65565153749802,0.0848797271860641,2000.39071038251,2000,2000-05-22 23:59:59.999998
NE,0.129472321087339,0.129472321087339,0.171819659852612,9.08831111021609,0.0888367823588496,2000.77322404372,2000,2000-10-09 23:59:59.999999
NE,0.188183701662916,0.129472321087339,0.187773003258664,7.01882906094839,0.0690781451560736,2001.1562130399,2001,2001-02-27 00:25:34.426228
NE,0.242318661108974,0.188183701662916,0.208089416018802,8.60603833987945,0.0902108384561193,2001.5397260274,2001,2001-07-17 00:00:00.000003
NE,0.0387249112186962,0.242318661108974,0.229905038272079,7.36012785090141,0.0717216962117709,2001.92328767123,2001,2001-12-03 23:59:59.999999
NE,0.303977440407063,0.303977440407063,0.249247222930706,7.81452168093379,0.0774132513968609,2002.30684931507,2002,2002-04-23 00:00:00.000003
NE,0.462609561326976,0.303977440407063,0.262403014015193,7.19627521231628,0.079339053546772,2002.6904109589,2002,2002-09-09 23:59:59.999999
NE,0.477266040476451,0.303977440407063,0.267421767013001,7.51937523462795,0.0751224199141871,2003.07397260274,2003,2003-01-28 00:00:00.000002
NE,0.216336478962765,0.218028723242824,0.26500503526391,5.49992107871438,0.0591765793800845,2003.45753424658,2003,2003-06-16 23:59:59.999998
NE,0.128423211832455,0.218028723242824,0.258127976764851,7.20365559935992,0.0711110246060433,2003.84105097687,2003,2003-11-03 23:36:23.606560
NE,0.218028723242824,0.216336478962765,0.250539184859455,6.80935788643262,0.0669226382319358,2004.22404371585,2004,2004-03-23 00:00:00.000003
NE,0.22684916704201,0.218028723242824,0.245141729205308,6.6627035063868,0.0661720126253123,2004.60655737705,2004,2004-08-10 00:00:00.000003
NE,0.200711988128689,0.218028723242824,0.24302440155342,7.49187845830327,0.0741697439642903,2004.98931806273,2004,2004-12-28 02:10:11.506853
NE,0.350194794137479,0.22684916704201,0.243571143770419,7.11352493190257,0.0703413550081769,2005.37260273973,2005,2005-05-17 00:00:00.000001
NE,0.155368787191226,0.267221535901553,0.245225906859467,6.96971839357272,0.0686613449316341,2005.75616438356,2005,2005-10-03 23:59:59.999997
NE,0.267221535901553,0.267221535901553,0.246313045543221,6.17307578168441,0.0608487582161669,2006.1397260274,2006,2006-02-21 00:00:00.000000
NE,0.337423266186697,0.267221535901553,0.245605242648855,7.08513728171247,0.0703397532629343,2006.52328767123,2006,2006-07-10 23:59:59.999996
NE,0.151683441412989,0.28806980317304,0.24258706543306,6.21678301630467,0.0609752321773969,2006.90684931507,2006,2006-11-28 00:00:00.000000
NE,0.335343335326639,0.28806980317304,0.237475245167605,5.84820455763652,0.057559841747166,2007.2904109589,2007,2007-04-17 00:00:00.000003
NE,0.28806980317304,0.233119355870805,0.231060135659437,6.54527611959471,0.0651763478530232,2007.67397260274,2007,2007-09-03 23:59:59.999999
NE,0.0695836262612263,0.233119355870805,0.224311932543941,5.73398563345864,0.0564712326829194,2008.05719365222,2008,2008-01-21 22:23:20.547944
NE,0.233119355870805,0.232491778505417,0.217943955355758,5.65315606167335,0.0563403280459566,2008.43989071038,2008,2008-06-10 00:00:00.000001
NE,0.226466492889406,0.232491778505417,0.212160463764196,5.92797570508911,0.0584469758841266,2008.82242308556,2008,2008-10-28 00:09:51.780823
NE,0.232491778505417,0.232491778505417,0.206768916113063,5.20620497746879,0.0514307544273673,2009.20547945205,2009,2009-03-16 23:59:59.999999
NE,0.265316720814677,0.226466492889406,0.201509191829472,5.23993603221081,0.0519009100688306,2009.58904109589,2009,2009-08-04 00:00:00.000002
NE,0.101588376185659,0.198996379015324,0.196340366298926,4.7386893999457,0.0468420115936798,2009.97260273973,2009,2009-12-21 23:59:59.999998
NE,0.198996379015324,0.198462419698142,0.191492470174267,4.35437607545505,0.0431337815321427,2010.35616438356,2010,2010-05-11 00:00:00.000001
NE,0.198462419698142,0.186678037179835,0.18732009770849,2.00768398137274,0.0216293022112027,2010.7397260274,2010,2010-09-27 23:59:59.999998
NE,0.186678037179835,0.186678037179835,0.184103696846448,1.80083448873531,0.0162422001775782,2011.12328767123,2011,2011-02-15 00:00:00.000001
NE,0.17319980244427,0.17319980244427,0.181994343519439,1.96768568713076,0.0176341126179973,2011.50684931507,2011,2011-07-04 23:59:59.999997
NE,0.168581853011832,0.17319980244427,0.181012517070156,1.86002770869209,0.0167028684307095,2011.89029867505,2011,2011-11-21 23:00:59.016390
NE,0.158775016995306,0.17319980244427,0.181076517642651,1.90031797618236,0.0171499343573324,2012.27322404372,2012,2012-04-09 23:59:59.999999
NE,0.20076932226754,0.168581853011832,0.18205093291753,1.6555698463967,0.0148244795976588,2012.65573770492,2012,2012-08-27 23:59:59.999999
NE,0.197914614326307,0.197914614326307,0.183761079843787,1.50263734327086,0.0134794145045406,2013.03856576091,2013,2013-01-15 01:50:09.836063
NE,0.14559226483748,0.20076932226754,0.18603850476127,1.5609179850315,0.0140231129285262,2013.42191780822,2013,2013-06-04 00:00:00.000000
NE,0.207759150155124,0.197914614326307,0.188766872654392,1.41663667204471,0.0127895097350019,2013.80547945205,2013,2013-10-22 00:00:00.000003
NE,0.205777465498339,0.194537375303713,0.191863752707674,1.27043997498507,0.0114194833361189,2014.18904109589,2014,2014-03-10 23:59:59.999999
NE,0.169531681842144,0.205777465498339,0.195255362007698,1.53189708930136,0.0137231289103513,2014.57260273973,2014,2014-07-29 00:00:00.000003
NE,0.194537375303713,0.194793383344219,0.198855573669453,1.50129981878364,0.0134951365041745,2014.95616438356,2014,2014-12-15 23:59:59.999999
NE,0.220462199039805,0.194793383344219,0.20259255814254,1.15577664934168,0.0103487633252568,2015.3397260274,2015,2015-05-05 00:00:00.000002
NE,0.194793383344219,0.203550788007656,0.206510666717661,1.18443904861644,0.0106425862612917,2015.72328767123,2015,2015-09-21 23:59:59.999998
NE,0.23571138578847,0.203550788007656,0.210840101920785,1.30506252060489,0.0117283229928033,2016.1064413504,2016,2016-02-08 22:58:50.958904
NE,0.203550788007656,0.203550788007656,0.215967570300554,1.42149304499777,0.0127137117743323,2016.48907103825,2016,2016-06-27 23:59:59.999997
NE,0.191284404821974,0.211420966130983,0.22223263000398,1.03046658781982,0.00929745340975845,2016.87167078374,2016,2016-11-15 00:45:22.191783
NE,0.22084854186462,0.211420966130983,0.229621120039635,0.974521382708991,0.00876242024316514,2017.25479452055,2017,2017-04-03 23:59:59.999998
NE,0.211420966130983,0.22084854186462,0.237526132188377,1.20163158048102,0.0107610716036393,2017.63835616438,2017,2017-08-22 00:00:00.000001
NE,0.268653506022178,0.268653506022178,0.244790620327707,1.28594870809817,0.0115570178666778,2018.02191780822,2018,2018-01-08 23:59:59.999997
NE,0.284617561159465,0.284617561159465,0.250085512841463,1.12856134488044,0.0101425535437681,2018.40547945205,2018,2018-05-29 00:00:00.000000
NE,0.289968141626709,0.284617561159465,0.252476866989816,1.23464294144965,0.0110771525134305,2018.78904109589,2018,2018-10-15 23:59:59.999996
NE,0.301178966315092,0.284617561159465,0.25188695805778,1.01650244192582,0.00915656497380626,2019.17260273973,2019,2019-03-05 00:00:00.000000
NE,0.234576070338713,0.234576070338713,0.249166846403429,1.00248298736915,0.00901420172790936,2019.55616438356,2019,2019-07-23 00:00:00.000003
NE,0.204945337991211,0.234576070338713,0.245747911756702,1.3589963149349,0.0121635065640447,2019.93954637323,2019,2019-12-09 22:25:34.426227
NE,0.20865383104526,0.234576070338713,0.243085969023772,1.20866675450161,0.0108497738474723,2020.32240437158,2020,2020-04-28 00:00:00.000002
NE,0.248408359911289,0.209924131691818,0.24218453070672,1.46843378856872,0.0130839249116321,2020.70491803279,2020,2020-09-15 00:00:00.000002
NE,0.263449940570535,0.236233788794618,0.24338760913535,1.35936943972524,0.0121444904474754,2021.08781345909,2021,2021-02-02 01:14:45.245900
NE,0.209924131691818,0.248408359911289,0.2464329936914,1.46793266496125,0.0130696063557443,2021.47123287671,2021,2021-06-21 23:59:59.999999
NE,0.236233788794618,0.263449940570535,0.25059930960077,1.68052046499849,0.0149795905255114,2021.85479452055,2021,2021-11-09 00:00:00.000002
NE,0.265659457999462,0.265659457999462,0.254878766884222,1.54610837769418,0.0137940962987391,2022.23835616438,2022,2022-03-28 23:59:59.999998
NE,0.275809690959265,0.275809690959265,0.258190188324919,1.85878579570359,0.0165515002158886,2022.62191780822,2022,2022-08-16 00:00:00.000001
NE,0.280779819196743,0.279437105710594,0.259677788374476,1.67441000275182,0.0149459197134075,2023.00547945205,2023,2023-01-02 23:59:59.999997
NE,0.281471187883514,0.279437105710594,0.259057633753998,1.89818277185508,0.0169860180927614,2023.38904109589,2023,2023-05-23 00:00:00.000001
NE,0.279437105710594,0.279437105710594,0.256825157489734,1.99306362224747,0.01779379245922,2023.77260273973,2023,2023-10-09 23:59:59.999997
NE,0.27252567104222,0.27252567104222,0.254137930942339,1.97757215354154,0.0176113243549701,2024.15568904858,2024,2024-02-26 23:34:21.369864
NE,0.185352450134054,0.27252567104222,0.2523443915842,2.75220180211413,0.0367778435813317,2024.53825136612,2024,2024-07-16 00:00:00.000000
NW,0,0.2384613778508,0.314010311900205,6.26295707239326,0.0792715870073954,1997.32328767123,1997,1997-04-29 00:00:00.000002
NW,0.306959244228886,0.2384613778508,0.338777238154076,7.80735567422135,0.0973867369829653,1997.70684931507,1997,1997-09-15 23:59:59.999998
NW,0.2384613778508,0.306959244228886,0.382911745263873,7.45274371505138,0.09342975830176,1998.0904109589,1998,1998-02-03 00:00:00.000002
NW,0.635265120164902,0.583414787098279,0.437687831561558,8.72919944934083,0.105370106050391,1998.47397260274,1998,1998-06-22 23:59:59.999998
NW,0.583414787098279,0.600859184521888,0.494100353768952,7.70966595140885,0.0933015384497039,1998.85753424658,1998,1998-11-10 00:00:00.000001
NW,0.600859184521888,0.600859184521888,0.545478966812767,7.43705081161197,0.0903670720080439,1999.24109589041,1999,1999-03-29 23:59:59.999997
NW,0.637856106432566,0.600859184521888,0.588573914271465,8.28270322312739,0.100185031948593,1999.62465753425,1999,1999-08-17 00:00:00.000000
NW,0.59023922697224,0.637856106432566,0.623217942508132,7.23574267577727,0.0884052638744335,2000.00794595404,2000,2000-01-03 21:47:50.136984
NW,0.677397197989539,0.677397197989539,0.651170419306119,8.58893156401932,0.103578879438648,2000.39071038251,2000,2000-05-22 23:59:59.999998
NW,0.74017691889786,0.677397197989539,0.674910428818493,7.55201789641645,0.0915345677777034,2000.77322404372,2000,2000-10-09 23:59:59.999999
NW,0.682996006723404,0.682996006723404,0.69683488156841,7.32050726571862,0.0897158715780702,2001.1562130399,2001,2001-02-27 00:25:34.426228
NW,0.638952805531619,0.686842718147387,0.718737034544987,7.14078219241138,0.0936420530787752,2001.5397260274,2001,2001-07-17 00:00:00.000003
NW,0.769462296858763,0.686842718147387,0.741501122474836,7.41868365543777,0.0886955746998404,2001.92328767123,2001,2001-12-03 23:59:59.999999
NW,0.686842718147387,0.769462296858763,0.764916288801971,7.35225202331836,0.0894953913478946,2002.30684931507,2002,2002-04-23 00:00:00.000003
NW,0.850876256371259,0.769462296858763,0.787728029515857,6.65363998022936,0.0852820531137317,2002.6904109589,2002,2002-09-09 23:59:59.999999
NW,0.944901991168918,0.850876256371259,0.807942410716018,6.8128478837882,0.0818275249434941,2003.07397260274,2003,2003-01-28 00:00:00.000002
NW,0.606664658163383,0.944901991168918,0.823274115421807,6.19551496211879,0.0882645129319654,2003.45753424658,2003,2003-06-16 23:59:59.999998
NW,1.0377597516146,0.944901991168918,0.831632099941076,7.28657868029222,0.0867142661380513,2003.84105097687,2003,2003-11-03 23:36:23.606560
NW,0.970135080613258,0.897853778795177,0.831420737878445,7.48326862131064,0.0891940434753868,2004.22404371585,2004,2004-03-23 00:00:00.000003
NW,0.723015334684132,0.897853778795177,0.821614907776936,6.33800000428551,0.0756779491628554,2004.60655737705,2004,2004-08-10 00:00:00.000003
NW,0.897853778795177,0.774580114321084,0.801605870872064,7.40047630439156,0.0882699540960034,2004.98931806273,2004,2004-12-28 02:10:11.506853
NW,0.770968012813941,0.774580114321084,0.771012904494872,7.32556973349034,0.0880810572712771,2005.37260273973,2005,2005-05-17 00:00:00.000001
NW,0.774580114321084,0.774580114321084,0.729692687420231,6.42909552093336,0.0767875603049548,2005.75616438356,2005,2005-10-03 23:59:59.999997
NW,0.882604135946375,0.770968012813941,0.678021809233855,6.89665609649009,0.0817791696008449,2006.1397260274,2006,2006-02-21 00:00:00.000000
NW,0.584645020551056,0.584645020551056,0.617115400600673,6.07936699475947,0.0735664509519301,2006.52328767123,2006,2006-07-10 23:59:59.999996
NW,0.534620393920986,0.534620393920986,0.548881801288329,5.93993381639362,0.0704692362974092,2006.90684931507,2006,2006-11-28 00:00:00.000000
NW,0.478703271069717,0.478703271069717,0.475726505320231,5.76136135707961,0.0688860457809717,2007.2904109589,2007,2007-04-17 00:00:00.000003
NW,0.355635076431924,0.411815726823321,0.400290937054272,4.89280718712264,0.0596284876380471,2007.67397260274,2007,2007-09-03 23:59:59.999999
NW,0.411815726823321,0.355635076431924,0.325607326263582,4.68814845540248,0.0560100924033039,2008.05719365222,2008,2008-01-21 22:23:20.547944
NW,0.22150282670857,0.22150282670857,0.255565033842426,4.9270426918462,0.0597228264461591,2008.43989071038,2008,2008-06-10 00:00:00.000001
NW,0.16657346267096,0.16657346267096,0.195084616888235,4.7241436414191,0.0566385455738956,2008.82242308556,2008,2008-10-28 00:09:51.780823
NW,0.0621064821299464,0.0621064821299464,0.149368692042062,4.05504991191299,0.0485191293302668,2009.20547945205,2009,2009-03-16 23:59:59.999999
NW,-0.0925019484601845,-0.0925019484601845,0.121940502103586,4.37122473628297,0.0526615362605347,2009.58904109589,2009,2009-08-04 00:00:00.000002
NW,-0.127758214811438,-0.0925019484601845,0.112404587594378,3.66154168552894,0.0439620702144328,2009.97260273973,2009,2009-12-21 23:59:59.999998
NW,-0.177433451196678,-0.0925019484601845,0.115363229126908,4.08604866737952,0.0494525378041198,2010.35616438356,2010,2010-05-11 00:00:00.000001
NW,0.605705345520858,0.190508867488501,0.121482829521758,4.15284012064139,0.0531934742640828,2010.7397260274,2010,2010-09-27 23:59:59.999998
NW,0.303485418237291,0.190508867488501,0.120571515241808,3.80313709205698,0.0402589273948279,2011.12328767123,2011,2011-02-15 00:00:00.000001
NW,0.190508867488501,0.190508867488501,0.105058237033774,3.42392558538957,0.036001453220293,2011.50684931507,2011,2011-07-04 23:59:59.999997
NW,0.122809429956659,0.122809429956659,0.0720409776075162,3.21024813094096,0.0338483901304068,2011.89029867505,2011,2011-11-21 23:00:59.016390
NW,0.07248187495692,0.07248187495692,0.0231247922525339,3.12671852560277,0.0330707708597931,2012.27322404372,2012,2012-04-09 23:59:59.999999
NW,-0.0475124392479778,-0.0475124392479778,-0.0374681254931043,2.74790165937757,0.0288773248905399,2012.65573770492,2012,2012-08-27 23:59:59.999999
NW,-0.113716025461772,-0.113716025461772,-0.1052155300037,2.6132725439859,0.0274731469833171,2013.03856576091,2013,2013-01-15 01:50:09.836063
NW,-0.189456142038157,-0.189456142038157,-0.176917576710755,2.53179009323502,0.0267037347786689,2013.42191780822,2013,2013-06-04 00:00:00.000000
NW,-0.259748018156382,-0.259748018156382,-0.251229615072027,2.34603033622342,0.0249719043089052,2013.80547945205,2013,2013-10-22 00:00:00.000003
NW,-0.291088925541461,-0.291088925541461,-0.328172675778382,2.13842123146344,0.0225171833540418,2014.18904109589,2014,2014-03-10 23:59:59.999999
NW,-0.391491547840146,-0.391491547840146,-0.408123060781132,1.94342000932029,0.0204265206420434,2014.57260273973,2014,2014-07-29 00:00:00.000003
NW,-0.398193610825733,-0.398193610825733,-0.490766583309568,1.83520048520018,0.0193050697122828,2014.95616438356,2014,2014-12-15 23:59:59.999999
NW,-0.544313187355366,-0.544313187355366,-0.574521196257343,1.58938747245116,0.0166934415702687,2015.3397260274,2015,2015-05-05 00:00:00.000002
NW,-0.75157252803972,-0.75157252803972,-0.65676903789612,1.21335561907885,0.0127948679767233,2015.72328767123,2015,2015-09-21 23:59:59.999998
NW,-0.838756687693967,-0.830565571972874,-0.734704398557765,1.53817124161768,0.0162363146350769,2016.1064413504,2016,2016-02-08 22:58:50.958904
NW,-0.830565571972874,-0.838756687693967,-0.80648575933137,1.24562401660547,0.0130922623855846,2016.48907103825,2016,2016-06-27 23:59:59.999997
NW,-0.901763950431145,-0.901763950431145,-0.871952773901886,1.17445829474829,0.0124164910788063,2016.87167078374,2016,2016-11-15 00:45:22.191783
NW,-0.938103005898969,-0.938103005898969,-0.932718351576073,0.94989636952093,0.0100345520299295,2017.25479452055,2017,2017-04-03 23:59:59.999998
NW,-0.984011948517219,-0.984011948517219,-0.991687282268017,0.930487099743323,0.009792973544136,2017.63835616438,2017,2017-08-22 00:00:00.000001
NW,-1.01084249128923,-1.01084249128923,-1.05223674255699,1.21416841485911,0.0127984588466368,2018.02191780822,2018,2018-01-08 23:59:59.999997
NW,-1.12621456667789,-1.0794871055644,-1.11729246349317,1.24876856858338,0.0131763594447264,2018.40547945205,2018,2018-05-29 00:00:00.000000
NW,-1.0794871055644,-1.12621456667789,-1.18851561719159,1.19767484334578,0.0125813399886802,2018.78904109589,2018,2018-10-15 23:59:59.999996
NW,-1.14915023402395,-1.14915023402395,-1.2657578029651,1.19408810263188,0.0126148580057505,2019.17260273973,2019,2019-03-05 00:00:00.000000
NW,-1.39588415395532,-1.39588415395532,-1.34705462062497,1.42635922472721,0.0150611073206968,2019.55616438356,2019,2019-07-23 00:00:00.000003
NW,-1.48686151273572,-1.48686151273572,-1.42927051280468,1.70149542862252,0.0178532024395361,2019.93954637323,2019,2019-12-09 22:25:34.426227
NW,-1.57354885880084,-1.57354885880084,-1.50913173352765,1.67417899872703,0.0176366215118705,2020.32240437158,2020,2020-04-28 00:00:00.000002
NW,-1.62916835746056,-1.62043093076672,-1.5842591822324,1.8320785556563,0.0191059318618739,2020.70491803279,2020,2020-09-15 00:00:00.000002
NW,-1.62043093076672,-1.62916835746056,-1.65374590852041,1.85092046279822,0.0193688932405012,2021.08781345909,2021,2021-02-02 01:14:45.245900
NW,-1.80417332887347,-1.76402151559501,-1.71811687540156,2.20712537851193,0.0231509572381851,2021.47123287671,2021,2021-06-21 23:59:59.999999
NW,-1.76402151559501,-1.79659033045814,-1.77889393000621,2.18733001783001,0.0228692138223089,2021.85479452055,2021,2021-11-09 00:00:00.000002
NW,-1.79659033045814,-1.80417332887347,-1.83798069181768,2.26125413678738,0.0236744848112788,2022.23835616438,2022,2022-03-28 23:59:59.999998
NW,-1.94541777860254,-1.90286490534811,-1.89691608947468,2.69706855050991,0.0280792342384993,2022.62191780822,2022,2022-08-16 00:00:00.000001
NW,-1.90286490534811,-1.94541777860254,-1.95603165366493,2.6753847613455,0.0279414504504792,2023.00547945205,2023,2023-01-02 23:59:59.999997
NW,-1.99461380836944,-1.99461380836944,-2.01359552742459,2.7448848410371,0.0287048987990743,2023.38904109589,2023,2023-05-23 00:00:00.000001
NW,-2.03834930482627,-2.03834930482627,-2.06539952415072,3.01081597762302,0.0315238446119366,2023.77260273973,2023,2023-10-09 23:59:59.999997
NW,-2.08687321991341,-2.08687321991341,-2.10536087153249,2.94923010050623,0.0307695963901872,2024.15568904858,2024,2024-02-26 23:34:21.369864
NW,-2.47354863342913,-2.08687321991341,-2.1273022602844,3.685547682972,0.0586412861073072,2024.53825136612,2024,2024-07-16 00:00:00.000000
SE,0,-0.0988565250777527,-0.0914506264192747,8.86925095436837,0.229155896485853,1997.32328767123,1997,1997-04-29 00:00:00.000002
SE,-0.0988565250777527,-0.0988565250777527,-0.0892281059033857,11.7924055237421,0.296388908981538,1997.70684931507,1997,1997-09-15 23:59:59.999998
SE,-0.164103699171458,-0.0988565250777527,-0.0828869617222165,7.58295910606902,0.192918764539717,1998.0904109589,1998,1998-02-03 00:00:00.000002
SE,-0.284727443601219,-0.164103699171458,-0.0698481029096375,12.4427692363185,0.296592874336141,1998.47397260274,1998,1998-06-22 23:59:59.999998
SE,0.138453487344954,-0.164103699171458,-0.0485919737865346,10.2456291044482,0.244081957805049,1998.85753424658,1998,1998-11-10 00:00:00.000001
SE,-0.284140130678782,-0.0863564960644729,-0.0197832041410902,7.57964718193858,0.183617552953796,1999.24109589041,1999,1999-03-29 23:59:59.999997
SE,-0.0863564960644729,0.138453487344954,0.0138435811074227,10.3179817769764,0.244903830449879,1999.62465753425,1999,1999-08-17 00:00:00.000000
SE,0.326462789968181,0.172080104524308,0.0491621776985146,9.37536515429786,0.227185635210096,2000.00794595404,2000,2000-01-03 21:47:50.136984
SE,0.172080104524308,0.172080104524308,0.0850279186873057,9.96102132389343,0.235834015001568,2000.39071038251,2000,2000-05-22 23:59:59.999998
SE,0.257246526256944,0.172080104524308,0.123759700296403,9.20563279763239,0.219743019044326,2000.77322404372,2000,2000-10-09 23:59:59.999999
SE,-0.0938567762676782,0.172080104524308,0.170549800501226,8.17477676616173,0.201188135246911,2001.1562130399,2001,2001-02-27 00:25:34.426228
SE,-0.122430332113156,0.0918385816232696,0.230779036472533,8.20492944027362,0.218274885808821,2001.5397260274,2001,2001-07-17 00:00:00.000003
SE,0.323691954590485,0.0918385816232696,0.306623297732482,8.96674509879752,0.213797146430792,2001.92328767123,2001,2001-12-03 23:59:59.999999
SE,0.0918385816232696,0.323691954590485,0.395152729097465,7.8526107633233,0.195039494885636,2002.30684931507,2002,2002-04-23 00:00:00.000003
SE,0.731693378631204,0.323691954590485,0.488907820189653,9.94608819713528,0.232058632081566,2002.6904109589,2002,2002-09-09 23:59:59.999999
SE,1.10716653585202,0.731693378631204,0.578491690352332,10.8427124947794,0.229968424991839,2003.07397260274,2003,2003-01-28 00:00:00.000002
SE,0.191768442823229,0.986611012159948,0.655549825412313,6.70157455969832,0.194842853599109,2003.45753424658,2003,2003-06-16 23:59:59.999998
SE,1.01448602243338,0.986611012159948,0.714501530315239,9.90645853604845,0.205760359626941,2003.84105097687,2003,2003-11-03 23:36:23.606560
SE,0.986611012159948,0.986611012159948,0.752779394713572,10.2163529119843,0.21238028996029,2004.22404371585,2004,2004-03-23 00:00:00.000003
SE,0.67870728571948,0.986611012159948,0.769885575968807,8.48917813160823,0.178059819493784,2004.60655737705,2004,2004-08-10 00:00:00.000003
SE,1.03609290039865,0.771317062916654,0.766394322307917,10.9504452634077,0.227788505864773,2004.98931806273,2004,2004-12-28 02:10:11.506853
SE,0.626947350066741,0.771317062916654,0.743105206746397,10.3679657782099,0.217610890642102,2005.37260273973,2005,2005-05-17 00:00:00.000001
SE,0.771317062916654,0.771317062916654,0.700719561219123,9.54261375338604,0.197227122651967,2005.75616438356,2005,2005-10-03 23:59:59.999997
SE,1.00516200196416,0.626947350066741,0.640047630261264,10.7088193900933,0.220531023793291,2006.1397260274,2006,2006-02-21 00:00:00.000000
SE,0.422067171678135,0.663793189844288,0.562556915122852,9.86368783121616,0.208037279405962,2006.52328767123,2006,2006-07-10 23:59:59.999996
SE,0.471769196503012,0.471769196503012,0.471188171384241,9.38093562565623,0.193390524892049,2006.90684931507,2006,2006-11-28 00:00:00.000000
SE,0.663793189844288,0.422067171678135,0.370965966839591,10.5923201102941,0.221977819913546,2007.2904109589,2007,2007-04-17 00:00:00.000003
SE,0.159834795381171,0.159834795381171,0.268983994358105,7.17690812663408,0.150601334298946,2007.67397260274,2007,2007-09-03 23:59:59.999999
SE,0.080582339628843,0.0889612241489304,0.17359200239426,7.75697385414264,0.16177925903299,2008.05719365222,2008,2008-01-21 22:23:20.547944
SE,-0.21319814967037,0.080582339628843,0.0927271622540307,7.05281419410392,0.149418664124528,2008.43989071038,2008,2008-06-10 00:00:00.000001
SE,0.0889612241489304,-0.0540240444923201,0.0317284993074578,7.08127956136217,0.148171163251025,2008.82242308556,2008,2008-10-28 00:09:51.780823
SE,-0.324395169713604,-0.0975857331448033,-0.00835972694847682,5.85006700082213,0.122569941893948,2009.20547945205,2009,2009-03-16 23:59:59.999999
SE,-0.0540240444923201,-0.0540240444923201,-0.0315892627740575,6.58589084486968,0.138781103150657,2009.58904109589,2009,2009-08-04 00:00:00.000002
SE,-0.0975857331448033,-0.0540240444923201,-0.0463220405028649,5.26971604668994,0.110144880983138,2009.97260273973,2009,2009-12-21 23:59:59.999998
SE,0.0232918396462678,-0.0197640182298546,-0.0629470443593033,6.37332933995649,0.134691228573855,2010.35616438356,2010,2010-05-11 00:00:00.000001
SE,0.288460165002348,-0.0197640182298546,-0.0908299151333869,2.71612614854669,0.0574785197317261,2010.7397260274,2010,2010-09-27 23:59:59.999998
SE,-0.0197640182298546,-0.0197640182298546,-0.13543412321609,2.69020100125083,0.0388986509322757,2011.12328767123,2011,2011-02-15 00:00:00.000001
SE,-0.218454028806701,-0.187101949863099,-0.196794732046375,2.52501967508196,0.0355742444433548,2011.50684931507,2011,2011-07-04 23:59:59.999997
SE,-0.251799299914722,-0.218454028806701,-0.269900260713341,2.26691637858029,0.0321394882820226,2011.89029867505,2011,2011-11-21 23:00:59.016390
SE,-0.187101949863099,-0.251799299914722,-0.34666243300294,2.55050986412256,0.0361311316302867,2012.27322404372,2012,2012-04-09 23:59:59.999999
SE,-0.774122715000407,-0.510679645819571,-0.418709021187776,2.4615963406956,0.0345744827848431,2012.65573770492,2012,2012-08-27 23:59:59.999999
SE,-0.63045874001899,-0.627007325022898,-0.479942406202549,2.48164399555946,0.0348836010688716,2013.03856576091,2013,2013-01-15 01:50:09.836063
SE,-0.510679645819571,-0.627007325022898,-0.527827154013139,2.37119149169692,0.033500228170629,2013.42191780822,2013,2013-06-04 00:00:00.000000
SE,-0.627007325022898,-0.564500790879071,-0.563185556702141,2.16370057138847,0.0301562885811897,2013.80547945205,2013,2013-10-22 00:00:00.000003
SE,-0.564500790879071,-0.564500790879071,-0.588763559012312,1.86276031859133,0.0263460437961458,2014.18904109589,2014,2014-03-10 23:59:59.999999
SE,-0.52466116492691,-0.627007325022898,-0.607601413027595,2.49818558771009,0.0352944026216007,2014.57260273973,2014,2014-07-29 00:00:00.000003
SE,-0.698400325781897,-0.69784273029026,-0.621987692739392,2.05702489372784,0.0288041099103693,2014.95616438356,2014,2014-12-15 23:59:59.999999
SE,-0.700299962384851,-0.69784273029026,-0.633498306683731,2.09876841595186,0.0296336915452782,2015.3397260274,2015,2015-05-05 00:00:00.000002
SE,-0.69784273029026,-0.69784273029026,-0.643577323208209,1.95569427955904,0.027646637296007,2015.72328767123,2015,2015-09-21 23:59:59.999998
SE,-0.606176322679088,-0.69784273029026,-0.653996285427095,1.59926464321566,0.0228024716592529,2016.1064413504,2016,2016-02-08 22:58:50.958904
SE,-0.511528249990231,-0.67475534335837,-0.666762339872504,2.00059302532954,0.0282756975601386,2016.48907103825,2016,2016-06-27 23:59:59.999997
SE,-0.746118798609829,-0.673569521992155,-0.683477934797568,1.90305443477345,0.0274940124853493,2016.87167078374,2016,2016-11-15 00:45:22.191783
SE,-0.67475534335837,-0.67475534335837,-0.704773349383711,1.8090964435867,0.0257029942309063,2017.25479452055,2017,2017-04-03 23:59:59.999998
SE,-0.673569521992155,-0.746118798609829,-0.730116664810212,1.68121235679472,0.0236135578879025,2017.63835616438,2017,2017-08-22 00:00:00.000001
SE,-0.780965888719136,-0.780965888719136,-0.758208039414413,1.62829275951243,0.0229519202657745,2018.02191780822,2018,2018-01-08 23:59:59.999997
SE,-0.781737939843503,-0.781737939843503,-0.787602274263192,2.38134852562703,0.0339190400549955,2018.40547945205,2018,2018-05-29 00:00:00.000000
SE,-0.885884126795574,-0.788828656252751,-0.817367722544095,1.94059531131264,0.0270494160337945,2018.78904109589,2018,2018-10-15 23:59:59.999996
SE,-0.860971635526977,-0.860971635526977,-0.847483609980518,1.24798955907356,0.0176704548852986,2019.17260273973,2019,2019-03-05 00:00:00.000000
SE,-0.788828656252751,-0.885884126795574,-0.87877547201495,1.62204463661303,0.0228434334555013,2019.55616438356,2019,2019-07-23 00:00:00.000003
SE,-0.903338276520855,-0.892869657019134,-0.912580124416379,2.23339216488757,0.0312004190976638,2019.93954637323,2019,2019-12-09 22:25:34.426227
SE,-0.975942786194099,-0.903338276520855,-0.950260352666463,2.27568057158911,0.0322929666570154,2020.32240437158,2020,2020-04-28 00:00:00.000002
SE,-0.892869657019134,-0.968691090916523,-0.992772353168516,1.86486042478435,0.0257057125996521,2020.70491803279,2020,2020-09-15 00:00:00.000002
SE,-1.0850988499916,-0.975942786194099,-1.04040709215547,2.32257987384327,0.0324084418158455,2021.08781345909,2021,2021-02-02 01:14:45.245900
SE,-0.968691090916523,-1.0850988499916,-1.09263728304952,2.12412691844381,0.029498917704539,2021.47123287671,2021,2021-06-21 23:59:59.999999
SE,-1.21363172621911,-1.21205974048565,-1.14806997617453,2.38211538665466,0.0336444894258879,2021.85479452055,2021,2021-11-09 00:00:00.000002
SE,-1.21205974048565,-1.21363172621911,-1.2044243572633,2.36479236473891,0.0334298450793878,2022.23835616438,2022,2022-03-28 23:59:59.999998
SE,-1.21417506061758,-1.21417506061758,-1.25865970719476,3.15903478674806,0.0434789029276115,2022.62191780822,2022,2022-08-16 00:00:00.000001
SE,-1.38430219578065,-1.34201925765924,-1.30739251251271,2.91201707620993,0.0407205425249139,2023.00547945205,2023,2023-01-02 23:59:59.999997
SE,-1.34201925765924,-1.38430219578065,-1.34761382982458,2.67526214570949,0.0377134295962723,2023.38904109589,2023,2023-05-23 00:00:00.000001
SE,-1.64052280407965,-1.38430219578065,-1.37747970821492,2.94317336535507,0.0414326032739649,2023.77260273973,2023,2023-10-09 23:59:59.999997
SE,-1.46022714933619,-1.34201925765924,-1.3966434007865,2.86830213107397,0.039608970456721,2024.15568904858,2024,2024-02-26 23:34:21.369864
SE,-1.30833974230443,-1.46022714933619,-1.40583483316935,3.32860343344283,0.0763633999447358,2024.53825136612,2024,2024-07-16 00:00:00.000000
SW,0,0.117660712325123,0.387925198222037,11.9008516796763,0.229885005890887,1997.32328767123,1997,1997-04-29 00:00:00.000002
SW,0.117660712325123,0.117660712325123,0.411212797775615,13.9324372556431,0.264672508181237,1997.70684931507,1997,1997-09-15 23:59:59.999998
SW,1.01384647770478,0.363985112780838,0.453263025700675,8.56998268811769,0.163423157672052,1998.0904109589,1998,1998-02-03 00:00:00.000002
SW,0.568758572176407,0.480210155067847,0.507351661617055,10.3292281587199,0.190791912451782,1998.47397260274,1998,1998-06-22 23:59:59.999998
SW,0.363985112780838,0.568758572176407,0.56732893787496,11.2275609309443,0.206053654683211,1998.85753424658,1998,1998-11-10 00:00:00.000001
SW,0.480210155067847,0.568758572176407,0.629126122950206,8.96994300829486,0.165627959780495,1999.24109589041,1999,1999-03-29 23:59:59.999997
SW,0.66711902868443,0.66711902868443,0.690546429472219,9.19451701896776,0.169485984325556,1999.62465753425,1999,1999-08-17 00:00:00.000000
SW,0.962033346279099,0.66711902868443,0.750574670675619,7.70124818399951,0.14300858859132,2000.00794595404,2000,2000-01-03 21:47:50.136984
SW,1.03476021322799,0.920802698347679,0.809050457962365,7.64587799260489,0.138786753183588,2000.39071038251,2000,2000-05-22 23:59:59.999998
SW,0.568569036884007,0.932378220680099,0.866516054454671,8.33784841957228,0.152994483151086,2000.77322404372,2000,2000-10-09 23:59:59.999999
SW,0.920802698347679,0.932378220680099,0.923648733094421,5.49923431928152,0.10208302268813,2001.1562130399,2001,2001-02-27 00:25:34.426228
SW,0.932378220680099,0.932378220680099,0.980207252502686,5.83627439767666,0.119157279296079,2001.5397260274,2001,2001-07-17 00:00:00.000003
SW,1.06260754962746,1.06260754962746,1.03422535927087,5.33756462380449,0.096966524987143,2001.92328767123,2001,2001-12-03 23:59:59.999999
SW,1.1560951304842,1.1560951304842,1.08249024711657,5.5138830055268,0.102108944546793,2002.30684931507,2002,2002-04-23 00:00:00.000003
SW,1.26241440893429,1.1560951304842,1.12205170352756,4.54309575572768,0.0953540101139252,2002.6904109589,2002,2002-09-09 23:59:59.999999
SW,1.34413992724512,1.1560951304842,1.15192323371988,5.33786105449091,0.0984282474891813,2003.07397260274,2003,2003-01-28 00:00:00.000002
SW,1.11047414012543,1.14514350390593,1.17384300263947,3.69731370731438,0.0748499281357311,2003.45753424658,2003,2003-06-16 23:59:59.999998
SW,1.1051662317889,1.14514350390593,1.19134344875695,4.65552856286373,0.0837509526577514,2003.84105097687,2003,2003-11-03 23:36:23.606560
SW,1.14514350390593,1.14514350390593,1.20788462612387,4.61749142917758,0.0829459737362849,2004.22404371585,2004,2004-03-23 00:00:00.000003
SW,1.16558219755566,1.16558219755566,1.22496847146876,4.63838357011306,0.0854285273872364,2004.60655737705,2004,2004-08-10 00:00:00.000003
SW,1.30462644194114,1.28775375467591,1.2412684124284,4.29173075239366,0.0774322470369962,2004.98931806273,2004,2004-12-28 02:10:11.506853
SW,1.28775375467591,1.30462644194114,1.25323073630999,3.63477320993242,0.0662512490639913,2005.37260273973,2005,2005-05-17 00:00:00.000001
SW,1.35034757434927,1.30462644194114,1.25665131674091,4.09691100915835,0.0746498684585408,2005.75616438356,2005,2005-10-03 23:59:59.999997
SW,1.40744957053506,1.28775375467591,1.24851672756735,4.78410477928135,0.0857730152084188,2006.1397260274,2006,2006-02-21 00:00:00.000000
SW,1.25085170770579,1.26031651539761,1.22831645304365,3.46840355722768,0.0642848330330448,2006.52328767123,2006,2006-07-10 23:59:59.999996
SW,1.26031651539761,1.25085170770579,1.19836327878918,4.65568737957523,0.083376902184836,2006.90684931507,2006,2006-11-28 00:00:00.000000
SW,1.22675590367704,1.22675590367704,1.16313715301896,3.72228530557776,0.0674996386318414,2007.2904109589,2007,2007-04-17 00:00:00.000003
SW,0.915190108277958,1.07942824919442,1.12798189649012,3.71037985787248,0.0684064478737859,2007.67397260274,2007,2007-09-03 23:59:59.999999
SW,1.07942824919442,1.02700202612847,1.09781383090119,3.76457661945794,0.0677889576320385,2008.05719365222,2008,2008-01-21 22:23:20.547944
SW,1.02700202612847,1.02700202612847,1.07651783292678,3.42138631426856,0.06266443464326,2008.43989071038,2008,2008-06-10 00:00:00.000001
SW,0.983758076125692,1.02700202612847,1.06692420184405,3.29320940920779,0.0593491499695603,2008.82242308556,2008,2008-10-28 00:09:51.780823
SW,1.21962465007282,0.983758076125692,1.07090255285074,3.56044592000959,0.0642591839323058,2009.20547945205,2009,2009-03-16 23:59:59.999999
SW,0.912028143279609,0.912028143279609,1.08868805767733,3.92044447416925,0.0717327855722929,2009.58904109589,2009,2009-08-04 00:00:00.000002
SW,0.857559146347859,0.912028143279609,1.11740529767173,3.37627307291447,0.0611246606849504,2009.97260273973,2009,2009-12-21 23:59:59.999998
SW,0.842550104102403,0.912028143279609,1.14986944707928,2.76906865272693,0.0507169041063413,2010.35616438356,2010,2010-05-11 00:00:00.000001
SW,1.60080942976817,1.32970739633159,1.17516065617856,2.32606741297471,0.0401105727495731,2010.7397260274,2010,2010-09-27 23:59:59.999998
SW,1.61989707928056,1.32970739633159,1.18157025398416,2.14293250491757,0.0278138780606908,2011.12328767123,2011,2011-02-15 00:00:00.000001
SW,1.32970739633159,1.32970739633159,1.1608148765224,1.90125990121054,0.024194854111942,2011.50684931507,2011,2011-07-04 23:59:59.999997
SW,1.17018835692915,1.30373228692117,1.11121897338621,1.69478389734379,0.021298247812199,2011.89029867505,2011,2011-11-21 23:00:59.016390
SW,1.30373228692117,1.17018835692915,1.0381987036762,1.80487335373768,0.0228629891868034,2012.27322404372,2012,2012-04-09 23:59:59.999999
SW,0.719196903233251,0.738457644638505,0.951868199942512,1.55597334968332,0.0194284286355366,2012.65573770492,2012,2012-08-27 23:59:59.999999
SW,0.738457644638505,0.719196903233251,0.863206326266429,1.50377004560622,0.0186620233376932,2013.03856576091,2013,2013-01-15 01:50:09.836063
SW,0.671702451814911,0.682469649825205,0.78075407261551,1.50733050195208,0.0189186450230384,2013.42191780822,2013,2013-06-04 00:00:00.000000
SW,0.671485344430193,0.671702451814911,0.708934373179541,1.46784306079501,0.0189229838324235,2013.80547945205,2013,2013-10-22 00:00:00.000003
SW,0.682469649825205,0.671485344430193,0.648212524463737,1.42486922402194,0.0174873366941639,2014.18904109589,2014,2014-03-10 23:59:59.999999
SW,0.553179938335945,0.600219211854062,0.596349353359019,1.20856374972214,0.0151295214476735,2014.57260273973,2014,2014-07-29 00:00:00.000003
SW,0.425264466510473,0.553179938335945,0.549865198120368,1.05971056589425,0.0131058383321746,2014.95616438356,2014,2014-12-15 23:59:59.999999
SW,0.600219211854062,0.546424520457348,0.505410058280352,1.17493433228432,0.0143885091978868,2015.3397260274,2015,2015-05-05 00:00:00.000002
SW,0.507734174174124,0.507734174174124,0.460757228009004,1.00813621598291,0.0124708604806864,2015.72328767123,2015,2015-09-21 23:59:59.999998
SW,0.546424520457348,0.507734174174124,0.415362915435881,1.13259432871957,0.0139423287367203,2016.1064413504,2016,2016-02-08 22:58:50.958904
SW,0.3016155172399,0.3016155172399,0.370099174547705,0.957331865082715,0.0118414938296362,2016.48907103825,2016,2016-06-27 23:59:59.999997
SW,0.160196533583084,0.261613201850146,0.326152096230952,0.903040090022989,0.0113466589546446,2016.87167078374,2016,2016-11-15 00:45:22.191783
SW,0.261613201850146,0.261613201850146,0.283572375525047,0.900455312666908,0.011206768581392,2017.25479452055,2017,2017-04-03 23:59:59.999998
SW,0.216189357516693,0.242936395363732,0.240396661613344,0.884455025710559,0.0108844153321723,2017.63835616438,2017,2017-08-22 00:00:00.000001
SW,0.34580028200419,0.242936395363732,0.193004348315567,0.846301627691011,0.0104673304201205,2018.02191780822,2018,2018-01-08 23:59:59.999997
SW,0.242936395363732,0.216189357516693,0.137826384517675,0.987413853155656,0.0121968026683906,2018.40547945205,2018,2018-05-29 00:00:00.000000
SW,0.122706076728592,0.166349976431604,0.0733315969813826,1.00807705681463,0.0123488420684524,2018.78904109589,2018,2018-10-15 23:59:59.999996
SW,0.166349976431604,0.122706076728592,0.00123784885626387,0.80179121674551,0.00985147211873109,2019.17260273973,2019,2019-03-05 00:00:00.000000
SW,-0.164943949519945,-0.164943949519945,-0.0737934817849521,1.11473396241079,0.0140566048220826,2019.55616438356,2019,2019-07-23 00:00:00.000003
SW,-0.316964605601724,-0.301578112525146,-0.145879857749592,1.21889926950692,0.0150424084698745,2019.93954637323,2019,2019-12-09 22:25:34.426227
SW,-0.301578112525146,-0.301578112525146,-0.210088376534281,1.12846455126216,0.0140055015346509,2020.32240437158,2020,2020-04-28 00:00:00.000002
SW,-0.378748766525678,-0.316964605601724,-0.264011607464446,1.26208814040391,0.0154154098592634,2020.70491803279,2020,2020-09-15 00:00:00.000002
SW,-0.217732558028671,-0.338467675366356,-0.30815305682307,1.21320048855736,0.0148216029579851,2021.08781345909,2021,2021-02-02 01:14:45.245900
SW,-0.338467675366356,-0.338467675366356,-0.345142005494612,1.24562374409232,0.0152188518468718,2021.47123287671,2021,2021-06-21 23:59:59.999999
SW,-0.488560399784596,-0.338467675366356,-0.378511035131326,1.52045341911574,0.0184817437543551,2021.85479452055,2021,2021-11-09 00:00:00.000002
SW,-0.336070366004091,-0.410654158333106,-0.411497413606798,1.38262850992091,0.0168538054240823,2022.23835616438,2022,2022-03-28 23:59:59.999998
SW,-0.410654158333106,-0.42134348282219,-0.446147040633897,1.58742119148934,0.01913111143449,2022.62191780822,2022,2022-08-16 00:00:00.000001
SW,-0.42134348282219,-0.42134348282219,-0.482745305818679,1.70014254237319,0.0207242013286717,2023.00547945205,2023,2023-01-02 23:59:59.999997
SW,-0.479341372699146,-0.479341372699146,-0.519542720812376,1.79920309681284,0.0222276344341175,2023.38904109589,2023,2023-05-23 00:00:00.000001
SW,-0.680519664865805,-0.584349118183346,-0.553042679747025,1.94471770701391,0.0237638290254902,2023.77260273973,2023,2023-10-09 23:59:59.999997
SW,-0.584349118183346,-0.680519664865805,-0.578859221126459,1.89351872231811,0.0230097091392642,2024.15568904858,2024,2024-02-26 23:34:21.369864
SW,-0.731593673848042,-0.680519664865805,-0.592962100795359,2.42085201902183,0.052877705739886,2024.53825136612,2024,2024-07-16 00:00:00.000000
